Age,BusinessTravel,Department,Education,EducationField,EmployeeNumber,EnvironmentSatisfaction,Gender,JobInvolvement,JobLevel,JobRole,JobSatisfaction,MonthlyIncome,NumCompaniesWorked,OverTime,PerformanceRating,RelationshipSatisfaction,StandardHours,TotalWorkingYears,TrainingTimesLastYear,WorkLifeBalance,YearsAtCompany,YearsInCurrentRole,current_level,availability_projects,primary_skill,secondary_skill,primary_skill_proficiency,secondary_skill_proficiency
41,Travel_Rarely,Sales,2,Life Sciences,1,2,Female,3,2,Sales Executive,4,5993,8,Yes,3,1,80,8,0,1,6,4,1,1,Sales Strategy,CRM Tools,4,3
49,Travel_Frequently,Research & Development,1,Life Sciences,2,3,Male,2,2,Research Scientist,2,5130,1,No,4,4,80,10,3,3,10,7,1,4,Data Analysis,Python,7,6
37,Travel_Rarely,Research & Development,2,Other,4,4,Male,2,1,Laboratory Technician,3,2090,6,Yes,3,2,80,7,3,3,0,0,1,1,Laboratory Operations,Quality Control,4,3
33,Travel_Frequently,Research & Development,4,Life Sciences,5,4,Female,3,1,Research Scientist,3,2909,1,Yes,3,3,80,8,3,3,8,7,1,3,Data Analysis,Python,5,4
27,Travel_Rarely,Research & Development,1,Medical,7,1,Male,3,1,Laboratory Technician,2,3468,9,No,3,4,80,6,3,3,2,2,1,2,Laboratory Operations,Quality Control,4,3
32,Travel_Frequently,Research & Development,2,Life Sciences,8,4,Male,3,1,Laboratory Technician,4,3068,0,No,3,3,80,8,2,2,7,7,1,3,Laboratory Operations,Quality Control,5,4
59,Travel_Rarely,Research & Development,3,Medical,10,3,Female,4,1,Laboratory Technician,1,2670,4,Yes,4,1,80,12,3,2,1,0,2,2,Laboratory Operations,Quality Control,7,6
30,Travel_Rarely,Research & Development,1,Life Sciences,11,4,Male,3,1,Laboratory Technician,3,2693,1,No,4,2,80,1,2,3,1,0,0,2,Laboratory Operations,Quality Control,3,2
38,Travel_Frequently,Research & Development,3,Life Sciences,12,4,Male,2,3,Manufacturing Director,3,9526,0,No,4,2,80,10,2,3,9,7,2,3,Operations Management,Process Optimization,8,7
36,Travel_Rarely,Research & Development,3,Medical,13,3,Male,3,2,Healthcare Representative,3,5237,6,No,3,2,80,17,3,2,7,7,1,4,Medical Sales,Product Knowledge,6,5
35,Travel_Rarely,Research & Development,3,Medical,14,1,Male,4,1,Laboratory Technician,2,2426,0,No,3,3,80,6,5,3,5,4,1,2,Laboratory Operations,Quality Control,4,3
29,Travel_Rarely,Research & Development,2,Life Sciences,15,4,Female,2,2,Laboratory Technician,3,4193,0,Yes,3,4,80,10,3,3,9,5,1,3,Laboratory Operations,Quality Control,6,5
31,Travel_Rarely,Research & Development,1,Life Sciences,16,1,Male,3,1,Research Scientist,3,2911,1,No,3,4,80,5,1,2,5,2,1,3,Data Analysis,Python,4,3
34,Travel_Rarely,Research & Development,2,Medical,18,2,Male,3,1,Laboratory Technician,4,2661,0,No,3,3,80,3,2,3,2,2,0,1,Laboratory Operations,Quality Control,2,1
28,Travel_Rarely,Research & Development,3,Life Sciences,19,3,Male,2,1,Laboratory Technician,3,2028,5,Yes,3,2,80,6,4,3,4,2,1,1,Laboratory Operations,Quality Control,4,3
29,Travel_Rarely,Research & Development,4,Life Sciences,20,2,Female,4,3,Manufacturing Director,1,9980,1,No,3,3,80,10,1,3,10,9,2,2,Operations Management,Process Optimization,7,6
32,Travel_Rarely,Research & Development,2,Life Sciences,21,1,Male,4,1,Research Scientist,2,3298,0,Yes,3,4,80,7,5,2,6,2,1,2,Data Analysis,Python,4,3
22,Non-Travel,Research & Development,2,Medical,22,4,Male,4,1,Laboratory Technician,4,2935,1,Yes,3,2,80,1,2,2,1,0,0,1,Laboratory Operations,Quality Control,2,1
53,Travel_Rarely,Sales,4,Life Sciences,23,1,Female,2,4,Manager,4,15427,2,No,3,3,80,31,3,3,25,8,2,1,People Management,Project Planning,7,6
38,Travel_Rarely,Research & Development,3,Life Sciences,24,4,Male,3,1,Research Scientist,4,3944,5,Yes,3,3,80,6,3,3,3,2,1,2,Data Analysis,Python,4,3
24,Non-Travel,Research & Development,2,Other,26,1,Female,4,2,Manufacturing Director,3,4011,0,No,3,4,80,5,5,2,4,2,1,1,Operations Management,Process Optimization,4,3
36,Travel_Rarely,Sales,4,Life Sciences,27,3,Male,2,1,Sales Representative,1,3407,7,No,4,2,80,10,4,3,5,3,2,3,Client Acquisition,Negotiation,7,6
34,Travel_Rarely,Research & Development,4,Life Sciences,28,1,Female,3,3,Research Director,2,11994,0,No,3,3,80,13,4,3,12,6,2,3,Research Leadership,Strategic Planning,7,6
21,Travel_Rarely,Research & Development,2,Life Sciences,30,3,Male,3,1,Research Scientist,4,1232,1,No,3,4,80,0,6,3,0,0,0,2,Data Analysis,Python,2,1
34,Travel_Rarely,Research & Development,1,Medical,31,2,Male,3,1,Research Scientist,1,2960,2,No,3,3,80,8,2,3,4,2,1,3,Data Analysis,Python,4,3
53,Travel_Rarely,Research & Development,3,Other,32,3,Female,3,5,Manager,3,19094,4,No,3,4,80,26,3,2,14,13,2,1,People Management,Project Planning,7,6
32,Travel_Frequently,Research & Development,1,Life Sciences,33,2,Female,1,1,Research Scientist,1,3919,1,Yes,4,2,80,10,5,3,10,2,2,3,Data Analysis,Python,7,6
42,Travel_Rarely,Sales,4,Marketing,35,3,Male,3,2,Sales Executive,2,6825,0,No,3,4,80,10,2,3,9,7,1,4,Sales Strategy,CRM Tools,6,5
44,Travel_Rarely,Research & Development,4,Medical,36,1,Female,2,3,Healthcare Representative,4,10248,3,No,3,4,80,24,4,3,22,6,2,3,Medical Sales,Product Knowledge,7,6
46,Travel_Rarely,Sales,4,Marketing,38,2,Female,3,5,Manager,1,18947,3,No,3,4,80,22,2,2,2,2,2,1,People Management,Project Planning,6,5
33,Travel_Rarely,Research & Development,3,Medical,39,3,Male,3,1,Laboratory Technician,4,2496,4,No,3,4,80,7,3,3,1,1,1,2,Laboratory Operations,Quality Control,4,3
44,Travel_Rarely,Research & Development,4,Other,40,4,Male,3,2,Healthcare Representative,4,6465,2,Yes,3,4,80,9,5,4,4,2,1,2,Medical Sales,Product Knowledge,4,3
30,Travel_Rarely,Research & Development,2,Medical,41,4,Male,2,1,Laboratory Technician,3,2206,1,No,3,1,80,10,5,3,10,0,2,2,Laboratory Operations,Quality Control,6,5
39,Travel_Rarely,Sales,3,Technical Degree,42,4,Male,3,2,Sales Representative,4,2086,3,No,3,3,80,19,6,4,1,0,1,3,Client Acquisition,Negotiation,5,4
24,Travel_Rarely,Research & Development,3,Medical,45,2,Male,3,1,Research Scientist,4,2293,2,Yes,3,1,80,6,2,2,2,0,1,2,Data Analysis,Python,4,3
43,Travel_Rarely,Research & Development,2,Medical,46,4,Female,4,1,Research Scientist,3,2645,1,No,3,4,80,6,3,2,5,3,1,3,Data Analysis,Python,4,3
50,Travel_Rarely,Sales,2,Marketing,47,1,Male,2,1,Sales Representative,3,2683,1,Yes,3,3,80,3,2,3,3,2,0,1,Client Acquisition,Negotiation,2,1
35,Travel_Rarely,Sales,3,Marketing,49,4,Female,3,1,Sales Representative,4,2014,1,No,3,1,80,2,3,3,2,2,0,1,Client Acquisition,Negotiation,2,1
36,Travel_Rarely,Research & Development,4,Life Sciences,51,2,Female,2,1,Research Scientist,1,3419,9,Yes,3,4,80,6,3,4,1,1,1,2,Data Analysis,Python,4,3
33,Travel_Frequently,Sales,3,Life Sciences,52,3,Female,4,2,Sales Executive,1,5376,2,No,3,1,80,10,3,3,5,3,1,3,Sales Strategy,CRM Tools,5,4
35,Travel_Rarely,Research & Development,2,Other,53,3,Male,3,1,Laboratory Technician,4,1951,1,No,3,3,80,1,3,3,1,0,0,1,Laboratory Operations,Quality Control,2,1
27,Travel_Rarely,Research & Development,4,Life Sciences,54,4,Female,3,1,Laboratory Technician,1,2341,1,No,3,4,80,1,6,3,1,0,0,1,Laboratory Operations,Quality Control,2,1
26,Travel_Rarely,Research & Development,3,Life Sciences,55,1,Male,1,1,Laboratory Technician,3,2293,1,No,3,3,80,1,2,2,1,0,0,1,Laboratory Operations,Quality Control,2,1
27,Travel_Frequently,Sales,3,Life Sciences,56,4,Male,3,3,Sales Executive,3,8726,1,No,3,4,80,9,0,3,9,8,1,4,Sales Strategy,CRM Tools,5,4
30,Travel_Frequently,Research & Development,2,Medical,57,3,Female,3,2,Laboratory Technician,4,4011,1,No,4,4,80,12,2,3,12,8,1,4,Laboratory Operations,Quality Control,7,6
41,Travel_Rarely,Research & Development,3,Technical Degree,58,2,Female,3,5,Research Director,3,19545,1,No,3,4,80,23,0,3,22,15,2,2,Research Leadership,Strategic Planning,7,6
34,Non-Travel,Sales,4,Marketing,60,2,Male,3,2,Sales Executive,3,4568,0,No,4,3,80,10,2,3,9,5,1,4,Sales Strategy,CRM Tools,7,6
37,Travel_Rarely,Research & Development,2,Life Sciences,61,2,Male,3,1,Research Scientist,2,3022,4,No,4,1,80,8,1,3,1,0,1,4,Data Analysis,Python,5,4
46,Travel_Frequently,Sales,4,Marketing,62,1,Male,3,2,Sales Executive,4,5772,4,Yes,4,3,80,14,4,3,9,6,1,4,Sales Strategy,CRM Tools,7,6
35,Travel_Rarely,Research & Development,1,Life Sciences,63,4,Male,4,1,Laboratory Technician,4,2269,1,No,3,4,80,1,2,3,1,0,0,1,Laboratory Operations,Quality Control,2,1
48,Travel_Rarely,Research & Development,2,Life Sciences,64,1,Male,2,3,Laboratory Technician,3,5381,9,Yes,3,4,80,23,2,3,1,0,2,1,Laboratory Operations,Quality Control,6,5
28,Travel_Rarely,Research & Development,4,Technical Degree,65,3,Male,3,1,Laboratory Technician,3,3441,1,Yes,3,3,80,2,3,2,2,2,0,1,Laboratory Operations,Quality Control,2,1
44,Travel_Rarely,Sales,5,Marketing,68,2,Female,3,2,Sales Executive,1,5454,5,Yes,4,3,80,9,2,2,4,3,1,3,Sales Strategy,CRM Tools,5,4
35,Non-Travel,Research & Development,2,Medical,70,3,Male,2,3,Healthcare Representative,1,9884,2,Yes,3,3,80,10,3,3,4,0,2,1,Medical Sales,Product Knowledge,6,5
26,Travel_Rarely,Sales,3,Marketing,72,3,Female,2,2,Sales Executive,4,4157,7,Yes,3,3,80,5,2,2,2,2,1,1,Sales Strategy,CRM Tools,4,3
33,Travel_Frequently,Research & Development,2,Life Sciences,73,1,Female,3,3,Research Director,4,13458,1,Yes,3,3,80,15,1,3,15,14,2,2,Research Leadership,Strategic Planning,7,6
35,Travel_Frequently,Sales,5,Life Sciences,74,2,Male,3,3,Sales Executive,1,9069,1,No,4,4,80,9,3,2,9,8,1,4,Sales Strategy,CRM Tools,6,5
35,Travel_Rarely,Research & Development,4,Medical,75,3,Female,3,1,Laboratory Technician,1,4014,3,Yes,3,3,80,4,3,3,2,2,1,1,Laboratory Operations,Quality Control,3,2
31,Travel_Rarely,Research & Development,4,Life Sciences,76,4,Male,3,2,Laboratory Technician,4,5915,3,No,4,4,80,10,3,2,7,7,1,4,Laboratory Operations,Quality Control,7,6
37,Travel_Rarely,Research & Development,4,Life Sciences,77,1,Male,2,2,Manufacturing Director,3,5993,1,No,3,3,80,7,2,4,7,5,1,2,Operations Management,Process Optimization,5,4
32,Travel_Rarely,Research & Development,3,Medical,78,1,Male,3,2,Manufacturing Director,4,6162,1,Yes,4,2,80,9,3,3,9,8,1,3,Operations Management,Process Optimization,6,5
38,Travel_Frequently,Research & Development,5,Life Sciences,79,4,Female,3,2,Laboratory Technician,4,2406,1,No,3,4,80,10,2,3,10,3,1,3,Laboratory Operations,Quality Control,5,4
50,Travel_Rarely,Research & Development,2,Medical,80,2,Female,2,5,Research Director,3,18740,5,Yes,3,4,80,29,2,2,27,3,2,1,Research Leadership,Strategic Planning,6,5
59,Travel_Rarely,Sales,3,Life Sciences,81,1,Female,3,3,Sales Executive,1,7637,7,No,3,4,80,28,3,2,21,16,2,3,Sales Strategy,CRM Tools,7,6
36,Travel_Rarely,Research & Development,3,Technical Degree,83,3,Female,3,3,Healthcare Representative,3,10096,1,No,3,2,80,17,2,3,17,14,2,3,Medical Sales,Product Knowledge,7,6
55,Travel_Rarely,Research & Development,3,Medical,84,4,Female,3,4,Manager,3,14756,2,Yes,3,3,80,21,2,3,5,0,2,1,People Management,Project Planning,6,5
36,Travel_Frequently,Research & Development,3,Life Sciences,85,2,Male,2,2,Manufacturing Director,2,6499,1,No,3,3,80,6,3,3,6,5,1,2,Operations Management,Process Optimization,5,4
45,Travel_Rarely,Research & Development,3,Life Sciences,86,2,Male,3,3,Research Scientist,1,9724,2,No,3,3,80,25,2,3,1,0,2,3,Data Analysis,Python,6,5
35,Travel_Frequently,Research & Development,3,Medical,88,2,Male,3,1,Research Scientist,1,2194,4,No,3,4,80,5,2,2,3,2,1,3,Data Analysis,Python,4,3
36,Travel_Rarely,Research & Development,3,Medical,90,4,Male,2,1,Research Scientist,3,3388,0,Yes,3,1,80,2,0,2,1,0,0,1,Data Analysis,Python,2,1
59,Travel_Frequently,Sales,1,Life Sciences,91,1,Female,2,2,Sales Executive,3,5473,7,No,3,4,80,20,2,2,4,3,1,3,Sales Strategy,CRM Tools,5,4
29,Travel_Rarely,Research & Development,3,Life Sciences,94,3,Male,3,1,Research Scientist,2,2703,0,No,4,4,80,6,3,3,5,4,1,4,Data Analysis,Python,5,4
31,Travel_Rarely,Research & Development,4,Medical,95,3,Male,3,1,Research Scientist,2,2501,1,No,3,2,80,1,4,3,1,1,0,2,Data Analysis,Python,2,1
32,Travel_Rarely,Research & Development,3,Life Sciences,96,2,Male,3,2,Research Scientist,2,6220,1,No,3,2,80,10,3,3,10,4,1,4,Data Analysis,Python,5,4
36,Travel_Rarely,Research & Development,3,Life Sciences,97,2,Female,4,1,Laboratory Technician,4,3038,3,No,3,2,80,5,3,3,1,0,1,2,Laboratory Operations,Quality Control,4,3
31,Travel_Rarely,Research & Development,4,Life Sciences,98,3,Female,3,2,Manufacturing Director,4,4424,1,No,4,4,80,11,2,3,11,7,1,4,Operations Management,Process Optimization,7,6
35,Travel_Rarely,Sales,4,Marketing,100,3,Male,2,2,Sales Executive,1,4312,0,No,3,2,80,16,2,3,15,13,1,4,Sales Strategy,CRM Tools,6,5
45,Travel_Rarely,Research & Development,4,Other,101,4,Male,3,3,Research Director,1,13245,4,Yes,3,2,80,17,3,4,0,0,2,1,Research Leadership,Strategic Planning,6,5
37,Travel_Rarely,Research & Development,4,Medical,102,1,Male,3,3,Research Director,3,13664,4,No,3,1,80,16,3,4,5,2,2,2,Research Leadership,Strategic Planning,6,5
46,Travel_Rarely,Human Resources,2,Medical,103,2,Male,3,2,Human Resources,2,5021,8,Yes,4,4,80,16,2,3,4,2,1,3,Talent Management,Employee Engagement,6,5
30,Travel_Rarely,Research & Development,1,Life Sciences,104,4,Male,2,2,Laboratory Technician,4,5126,1,Yes,3,3,80,10,1,2,10,8,1,3,Laboratory Operations,Quality Control,6,5
35,Travel_Rarely,Research & Development,3,Medical,105,2,Male,2,1,Research Scientist,3,2859,1,No,3,1,80,6,3,3,6,4,1,3,Data Analysis,Python,4,3
55,Travel_Rarely,Sales,2,Life Sciences,106,1,Male,3,3,Sales Executive,4,10239,3,No,3,4,80,24,4,3,1,0,2,2,Sales Strategy,CRM Tools,6,5
38,Non-Travel,Research & Development,3,Medical,107,2,Female,1,2,Research Scientist,4,5329,7,Yes,3,4,80,17,3,3,13,11,1,4,Data Analysis,Python,6,5
34,Travel_Rarely,Research & Development,2,Medical,110,1,Male,3,2,Manufacturing Director,2,4325,1,No,3,3,80,5,2,3,5,2,1,1,Operations Management,Process Optimization,4,3
56,Travel_Rarely,Research & Development,3,Life Sciences,112,4,Male,1,3,Manufacturing Director,4,7260,4,No,3,1,80,37,3,2,6,4,2,1,Operations Management,Process Optimization,6,5
23,Travel_Rarely,Sales,1,Technical Degree,113,3,Male,3,1,Sales Representative,1,2322,3,No,3,3,80,3,3,3,0,0,0,1,Client Acquisition,Negotiation,2,1
51,Travel_Rarely,Research & Development,4,Life Sciences,116,4,Male,3,1,Laboratory Technician,4,2075,3,No,4,2,80,10,4,3,4,2,2,3,Laboratory Operations,Quality Control,7,6
30,Travel_Rarely,Research & Development,3,Life Sciences,117,3,Male,2,2,Healthcare Representative,4,4152,1,No,3,1,80,11,3,3,11,10,1,4,Medical Sales,Product Knowledge,6,5
46,Travel_Rarely,Sales,2,Medical,118,3,Male,2,3,Sales Executive,4,9619,1,No,3,4,80,9,3,3,9,8,1,4,Sales Strategy,CRM Tools,5,4
40,Travel_Frequently,Research & Development,4,Life Sciences,119,3,Male,2,4,Healthcare Representative,2,13503,1,No,4,4,80,22,3,2,22,3,2,2,Medical Sales,Product Knowledge,7,6
51,Travel_Rarely,Sales,4,Marketing,120,3,Male,3,2,Sales Executive,4,5441,0,Yes,4,4,80,11,2,1,10,7,1,4,Sales Strategy,CRM Tools,7,6
30,Travel_Rarely,Sales,2,Medical,121,3,Female,2,2,Sales Executive,2,5209,1,Yes,3,2,80,11,4,2,11,8,1,3,Sales Strategy,CRM Tools,6,5
46,Travel_Frequently,Research & Development,3,Medical,124,3,Male,2,3,Healthcare Representative,1,10673,2,Yes,3,3,80,21,5,2,10,9,2,2,Medical Sales,Product Knowledge,7,6
32,Travel_Rarely,Sales,4,Medical,125,2,Male,3,2,Sales Executive,3,5010,1,No,3,1,80,12,0,3,11,8,1,4,Sales Strategy,CRM Tools,6,5
54,Travel_Rarely,Research & Development,4,Technical Degree,126,1,Female,3,3,Research Director,3,13549,9,No,3,1,80,16,5,1,4,3,2,2,Research Leadership,Strategic Planning,6,5
24,Travel_Rarely,Sales,2,Other,128,1,Female,3,2,Sales Executive,3,4999,0,No,4,1,80,4,2,2,3,2,1,3,Sales Strategy,CRM Tools,4,3
28,Non-Travel,Sales,3,Medical,129,2,Male,3,2,Sales Executive,3,4221,1,No,3,2,80,5,3,4,5,4,1,2,Sales Strategy,CRM Tools,4,3
58,Travel_Rarely,Sales,4,Medical,131,4,Male,3,4,Sales Executive,3,13872,0,No,3,3,80,38,1,2,37,10,2,2,Sales Strategy,CRM Tools,7,6
44,Non-Travel,Research & Development,3,Medical,132,2,Male,3,2,Laboratory Technician,2,2042,4,No,3,3,80,17,3,4,3,2,1,3,Laboratory Operations,Quality Control,5,4
37,Travel_Rarely,Human Resources,4,Human Resources,133,3,Male,3,1,Human Resources,1,2073,4,Yes,4,4,80,7,3,3,3,2,1,2,Talent Management,Employee Engagement,5,4
32,Travel_Rarely,Research & Development,1,Life Sciences,134,4,Male,3,1,Research Scientist,1,2956,1,No,3,4,80,1,2,3,1,0,0,2,Data Analysis,Python,2,1
20,Travel_Frequently,Research & Development,3,Life Sciences,137,4,Female,2,1,Laboratory Technician,4,2926,1,Yes,3,2,80,1,5,3,1,0,0,1,Laboratory Operations,Quality Control,2,1
34,Travel_Rarely,Research & Development,4,Other,138,1,Female,3,2,Research Scientist,3,4809,1,No,3,3,80,16,3,3,16,13,1,4,Data Analysis,Python,6,5
37,Non-Travel,Research & Development,2,Life Sciences,139,3,Male,2,2,Healthcare Representative,4,5163,5,No,3,4,80,17,2,4,1,0,1,3,Medical Sales,Product Knowledge,5,4
59,Non-Travel,Human Resources,4,Human Resources,140,3,Female,2,5,Manager,4,18844,9,No,4,4,80,30,3,3,3,2,2,1,People Management,Project Planning,7,6
50,Travel_Frequently,Research & Development,3,Life Sciences,141,1,Female,3,5,Research Director,2,18172,3,Yes,3,1,80,28,1,2,8,3,2,1,Research Leadership,Strategic Planning,6,5
25,Travel_Rarely,Sales,3,Marketing,142,3,Male,2,2,Sales Executive,3,5744,1,Yes,3,4,80,6,1,3,6,4,1,1,Sales Strategy,CRM Tools,4,3
25,Travel_Rarely,Research & Development,1,Medical,143,4,Male,2,1,Research Scientist,4,2889,1,No,3,3,80,2,2,3,2,2,0,2,Data Analysis,Python,2,1
22,Travel_Rarely,Research & Development,3,Medical,144,2,Female,3,1,Laboratory Technician,4,2871,1,No,3,3,80,1,5,3,0,0,0,1,Laboratory Operations,Quality Control,2,1
51,Travel_Frequently,Research & Development,4,Medical,145,1,Female,2,3,Healthcare Representative,1,7484,3,No,4,3,80,23,1,2,13,12,2,4,Medical Sales,Product Knowledge,8,7
34,Travel_Frequently,Research & Development,3,Life Sciences,147,1,Male,1,2,Laboratory Technician,3,6074,1,Yes,4,4,80,9,3,3,9,7,1,4,Laboratory Operations,Quality Control,6,5
54,Non-Travel,Human Resources,3,Human Resources,148,4,Female,4,4,Manager,4,17328,2,Yes,3,3,80,23,3,3,5,3,2,1,People Management,Project Planning,6,5
24,Travel_Rarely,Research & Development,1,Life Sciences,150,2,Male,3,1,Laboratory Technician,3,2774,0,No,3,3,80,6,2,3,5,3,1,2,Laboratory Operations,Quality Control,4,3
34,Travel_Rarely,Research & Development,4,Life Sciences,151,3,Female,2,2,Research Scientist,2,4505,6,No,3,3,80,12,3,3,1,0,1,4,Data Analysis,Python,5,4
37,Travel_Rarely,Sales,3,Life Sciences,152,3,Male,3,3,Sales Executive,4,7428,2,No,3,1,80,12,3,3,5,3,2,2,Sales Strategy,CRM Tools,6,5
34,Travel_Rarely,Research & Development,3,Medical,153,3,Female,2,3,Manager,1,11631,2,No,3,4,80,14,6,3,11,10,2,2,People Management,Project Planning,7,6
36,Travel_Frequently,Sales,2,Technical Degree,154,2,Female,3,3,Sales Executive,4,9738,0,No,3,3,80,10,6,3,9,7,2,3,Sales Strategy,CRM Tools,7,6
36,Travel_Rarely,Research & Development,2,Life Sciences,155,1,Female,3,1,Laboratory Technician,4,2835,5,No,4,1,80,7,2,3,1,0,1,3,Laboratory Operations,Quality Control,5,4
43,Travel_Frequently,Sales,2,Life Sciences,158,3,Male,3,4,Manager,4,16959,1,Yes,3,4,80,25,3,4,25,12,2,1,People Management,Project Planning,7,6
30,Travel_Frequently,Research & Development,3,Life Sciences,159,1,Male,1,1,Research Scientist,3,2613,1,No,4,3,80,10,2,2,10,7,2,4,Data Analysis,Python,8,7
33,Non-Travel,Sales,2,Marketing,160,3,Male,3,2,Sales Executive,2,6146,0,No,3,1,80,8,2,4,7,7,1,3,Sales Strategy,CRM Tools,5,4
56,Travel_Rarely,Research & Development,4,Life Sciences,161,2,Female,3,1,Research Scientist,2,4963,9,Yes,3,1,80,7,2,3,5,4,1,2,Data Analysis,Python,4,3
51,Travel_Rarely,Research & Development,3,Life Sciences,162,1,Male,3,5,Research Director,3,19537,7,No,3,3,80,23,5,3,20,18,2,2,Research Leadership,Strategic Planning,7,6
31,Travel_Rarely,Sales,4,Life Sciences,163,2,Male,1,2,Sales Executive,3,6172,4,Yes,3,2,80,12,3,2,7,7,1,3,Sales Strategy,CRM Tools,6,5
26,Travel_Rarely,Research & Development,3,Other,164,3,Female,2,1,Research Scientist,2,2368,1,No,3,3,80,5,3,2,5,4,1,3,Data Analysis,Python,4,3
58,Travel_Rarely,Research & Development,4,Medical,165,4,Female,3,3,Healthcare Representative,4,10312,1,No,3,4,80,40,3,2,40,10,2,3,Medical Sales,Product Knowledge,7,6
19,Travel_Rarely,Sales,1,Marketing,167,4,Male,3,1,Sales Representative,3,1675,1,Yes,3,4,80,0,2,2,0,0,0,1,Client Acquisition,Negotiation,2,1
22,Travel_Rarely,Research & Development,1,Technical Degree,169,3,Male,3,1,Laboratory Technician,4,2523,0,No,3,3,80,3,2,3,2,1,0,1,Laboratory Operations,Quality Control,2,1
49,Travel_Rarely,Research & Development,4,Medical,170,3,Female,3,2,Manufacturing Director,1,6567,1,No,3,3,80,16,2,2,15,11,1,3,Operations Management,Process Optimization,6,5
43,Travel_Frequently,Research & Development,3,Medical,171,2,Female,4,1,Research Scientist,3,4739,4,No,3,4,80,18,2,3,3,2,2,3,Data Analysis,Python,6,5
50,Travel_Frequently,Sales,3,Marketing,174,3,Female,3,3,Sales Executive,4,9208,4,No,3,4,80,16,3,3,2,2,2,2,Sales Strategy,CRM Tools,6,5
31,Travel_Rarely,Sales,3,Life Sciences,175,2,Female,1,2,Sales Executive,3,4559,3,Yes,3,3,80,4,2,3,2,2,1,1,Sales Strategy,CRM Tools,3,2
41,Travel_Rarely,Sales,1,Life Sciences,176,3,Male,3,3,Sales Executive,3,8189,3,Yes,3,3,80,12,2,3,9,7,2,2,Sales Strategy,CRM Tools,7,6
26,Travel_Rarely,Human Resources,1,Life Sciences,177,3,Female,3,1,Human Resources,3,2942,1,No,4,4,80,8,3,3,8,7,1,4,Talent Management,Employee Engagement,6,5
36,Travel_Rarely,Research & Development,2,Medical,178,2,Male,3,2,Manufacturing Director,2,4941,6,No,4,4,80,7,0,3,3,2,1,2,Operations Management,Process Optimization,5,4
51,Travel_Frequently,Research & Development,4,Life Sciences,179,1,Male,1,3,Manufacturing Director,4,10650,2,No,3,4,80,18,2,3,4,2,2,1,Operations Management,Process Optimization,6,5
39,Travel_Rarely,Sales,4,Life Sciences,182,4,Female,2,2,Sales Executive,3,5902,4,No,3,3,80,17,1,4,15,11,1,4,Sales Strategy,CRM Tools,6,5
25,Travel_Rarely,Sales,3,Life Sciences,183,1,Male,2,2,Sales Executive,3,8639,2,No,3,4,80,6,3,3,2,2,1,2,Sales Strategy,CRM Tools,4,3
30,Travel_Rarely,Human Resources,3,Human Resources,184,3,Male,3,2,Human Resources,4,6347,0,Yes,3,4,80,12,2,1,11,9,1,3,Talent Management,Employee Engagement,6,5
32,Travel_Rarely,Research & Development,3,Medical,190,1,Female,3,1,Laboratory Technician,1,4200,7,No,4,1,80,10,2,4,5,4,2,3,Laboratory Operations,Quality Control,7,6
45,Travel_Rarely,Research & Development,3,Medical,192,3,Male,3,1,Research Scientist,4,3452,5,No,3,2,80,9,2,2,6,5,1,4,Data Analysis,Python,5,4
38,Travel_Rarely,Research & Development,5,Technical Degree,193,4,Female,3,2,Research Scientist,3,4317,3,Yes,4,2,80,19,2,3,3,2,1,4,Data Analysis,Python,6,5
30,Travel_Rarely,Research & Development,3,Life Sciences,194,1,Female,3,1,Research Scientist,3,2632,1,No,3,3,80,5,4,2,5,4,1,3,Data Analysis,Python,4,3
32,Travel_Frequently,Sales,2,Medical,195,4,Male,1,2,Sales Executive,4,4668,0,No,3,4,80,9,2,4,8,7,1,4,Sales Strategy,CRM Tools,5,4
30,Travel_Rarely,Research & Development,3,Technical Degree,197,4,Female,3,1,Research Scientist,1,3204,5,No,3,4,80,8,3,3,3,2,1,3,Data Analysis,Python,4,3
30,Travel_Rarely,Research & Development,1,Medical,198,2,Male,2,1,Laboratory Technician,4,2720,0,No,3,4,80,6,3,3,5,3,1,2,Laboratory Operations,Quality Control,4,3
41,Travel_Frequently,Research & Development,3,Life Sciences,199,4,Male,2,4,Manager,1,17181,4,No,3,2,80,21,2,2,7,6,2,1,People Management,Project Planning,7,6
41,Travel_Rarely,Research & Development,4,Life Sciences,200,3,Male,3,1,Laboratory Technician,1,2238,2,No,4,4,80,7,2,3,5,0,1,3,Laboratory Operations,Quality Control,5,4
19,Travel_Rarely,Research & Development,1,Medical,201,2,Female,3,1,Laboratory Technician,2,1483,1,No,3,4,80,1,3,3,1,0,0,1,Laboratory Operations,Quality Control,2,1
40,Travel_Frequently,Research & Development,3,Medical,202,2,Female,3,2,Research Scientist,2,5605,1,No,3,1,80,20,2,3,20,7,1,4,Data Analysis,Python,6,5
35,Travel_Rarely,Sales,5,Marketing,204,3,Male,3,3,Sales Executive,2,7295,1,No,3,1,80,10,3,3,10,8,2,3,Sales Strategy,CRM Tools,7,6
53,Travel_Rarely,Sales,2,Marketing,205,2,Male,3,2,Sales Representative,3,2306,2,Yes,4,4,80,13,3,1,7,7,1,4,Client Acquisition,Negotiation,7,6
45,Travel_Rarely,Research & Development,3,Life Sciences,206,2,Male,3,2,Laboratory Technician,2,2348,8,No,3,3,80,20,2,1,17,9,1,4,Laboratory Operations,Quality Control,6,5
32,Travel_Frequently,Sales,3,Marketing,207,2,Female,3,3,Sales Executive,4,8998,1,No,3,4,80,9,2,3,9,8,1,4,Sales Strategy,CRM Tools,5,4
29,Non-Travel,Research & Development,1,Technical Degree,208,4,Male,3,2,Manufacturing Director,3,4319,1,No,3,1,80,10,1,3,10,7,1,3,Operations Management,Process Optimization,6,5
51,Travel_Rarely,Research & Development,4,Medical,211,2,Male,2,2,Manufacturing Director,3,6132,2,No,3,3,80,10,2,3,1,0,1,2,Operations Management,Process Optimization,5,4
58,Travel_Rarely,Research & Development,3,Medical,214,2,Female,2,1,Research Scientist,2,3346,4,Yes,4,2,80,9,3,2,1,0,1,4,Data Analysis,Python,5,4
40,Travel_Rarely,Sales,4,Marketing,215,3,Male,2,3,Sales Executive,4,10855,7,No,3,1,80,15,2,2,12,11,2,3,Sales Strategy,CRM Tools,7,6
34,Travel_Frequently,Sales,4,Marketing,216,3,Female,3,1,Sales Representative,3,2231,6,No,3,4,80,6,3,3,4,3,1,2,Client Acquisition,Negotiation,4,3
22,Travel_Rarely,Research & Development,1,Medical,217,3,Male,3,1,Research Scientist,4,2323,1,No,4,1,80,2,6,3,2,2,0,3,Data Analysis,Python,3,2
27,Non-Travel,Research & Development,3,Medical,218,4,Male,3,1,Research Scientist,2,2024,6,No,3,4,80,6,1,1,2,2,1,3,Data Analysis,Python,4,3
28,Travel_Rarely,Research & Development,3,Medical,221,3,Male,3,1,Research Scientist,4,2713,1,No,3,3,80,5,2,1,5,2,1,3,Data Analysis,Python,4,3
57,Travel_Rarely,Research & Development,2,Life Sciences,223,3,Male,4,3,Healthcare Representative,4,9439,3,Yes,3,2,80,12,2,1,5,3,2,1,Medical Sales,Product Knowledge,6,5
27,Non-Travel,Research & Development,3,Medical,224,3,Male,2,1,Research Scientist,3,2566,1,Yes,3,4,80,1,2,2,1,1,0,1,Data Analysis,Python,2,1
50,Travel_Rarely,Research & Development,3,Life Sciences,226,3,Female,3,5,Manager,2,19926,3,No,3,2,80,21,5,3,5,4,2,1,People Management,Project Planning,6,5
41,Travel_Rarely,Research & Development,3,Life Sciences,227,1,Male,3,1,Research Scientist,3,2451,4,No,3,1,80,13,2,3,9,8,2,4,Data Analysis,Python,7,6
30,Travel_Rarely,Sales,3,Life Sciences,228,2,Female,3,3,Sales Executive,4,9419,2,No,3,3,80,12,2,3,10,9,2,3,Sales Strategy,CRM Tools,7,6
38,Travel_Rarely,Sales,4,Life Sciences,230,1,Female,2,2,Sales Executive,4,8686,4,No,4,3,80,12,2,4,8,3,1,4,Sales Strategy,CRM Tools,6,5
32,Travel_Rarely,Research & Development,5,Life Sciences,231,3,Male,3,1,Research Scientist,3,3038,3,No,4,1,80,8,2,3,5,4,1,4,Data Analysis,Python,5,4
27,Travel_Rarely,Research & Development,3,Technical Degree,233,3,Male,3,1,Research Scientist,2,3058,0,Yes,3,4,80,6,3,2,5,2,1,2,Data Analysis,Python,4,3
19,Travel_Frequently,Sales,1,Technical Degree,235,3,Female,1,1,Sales Representative,1,2325,0,No,4,1,80,1,5,4,0,0,0,2,Client Acquisition,Negotiation,3,2
36,Travel_Frequently,Research & Development,2,Medical,238,4,Male,3,1,Laboratory Technician,2,2088,4,No,3,3,80,13,3,2,8,7,2,3,Laboratory Operations,Quality Control,7,6
30,Non-Travel,Research & Development,3,Medical,239,3,Male,3,2,Laboratory Technician,1,3072,1,No,3,3,80,12,4,3,12,9,1,4,Laboratory Operations,Quality Control,6,5
45,Travel_Rarely,Sales,2,Life Sciences,240,3,Female,3,2,Sales Executive,1,5006,4,Yes,3,1,80,9,3,4,5,4,1,2,Sales Strategy,CRM Tools,4,3
56,Travel_Rarely,Research & Development,3,Life Sciences,241,3,Female,3,1,Research Scientist,1,4257,4,Yes,3,3,80,19,3,3,2,2,2,2,Data Analysis,Python,6,5
33,Travel_Rarely,Research & Development,3,Life Sciences,242,3,Male,3,1,Research Scientist,4,2500,0,No,3,1,80,4,2,4,3,1,1,3,Data Analysis,Python,3,2
19,Travel_Rarely,Research & Development,3,Life Sciences,243,2,Male,2,1,Laboratory Technician,4,1102,1,No,4,3,80,1,3,2,1,0,0,2,Laboratory Operations,Quality Control,3,2
46,Travel_Rarely,Sales,2,Marketing,244,2,Female,3,3,Sales Executive,1,10453,1,No,4,3,80,24,2,3,24,13,2,4,Sales Strategy,CRM Tools,8,7
38,Travel_Rarely,Research & Development,2,Life Sciences,245,3,Female,3,1,Laboratory Technician,4,2288,1,No,3,3,80,2,3,3,2,2,0,1,Laboratory Operations,Quality Control,2,1
31,Travel_Rarely,Research & Development,1,Medical,246,3,Female,3,1,Research Scientist,4,3929,8,Yes,4,3,80,7,0,3,4,2,1,3,Data Analysis,Python,5,4
34,Travel_Rarely,Research & Development,2,Medical,247,4,Female,3,1,Research Scientist,2,2311,2,No,3,4,80,9,3,3,3,2,1,4,Data Analysis,Python,4,3
41,Travel_Rarely,Sales,2,Marketing,248,2,Female,3,1,Sales Representative,2,3140,1,Yes,4,4,80,4,5,2,4,3,1,2,Client Acquisition,Negotiation,4,3
50,Travel_Rarely,Research & Development,3,Medical,249,3,Male,2,1,Laboratory Technician,3,3690,2,No,3,4,80,5,2,2,3,2,1,2,Laboratory Operations,Quality Control,4,3
53,Travel_Rarely,Research & Development,2,Medical,250,4,Female,4,2,Manufacturing Director,1,4450,1,No,3,3,80,5,3,3,4,2,1,1,Operations Management,Process Optimization,4,3
33,Travel_Rarely,Research & Development,3,Medical,252,4,Female,3,1,Research Scientist,2,2756,1,No,3,4,80,8,5,3,8,7,1,4,Data Analysis,Python,5,4
40,Travel_Rarely,Research & Development,1,Medical,253,4,Female,3,5,Manager,3,19033,1,No,3,2,80,21,2,3,20,8,2,1,People Management,Project Planning,7,6
55,Travel_Rarely,Research & Development,4,Medical,254,3,Male,4,5,Research Director,2,18722,8,No,3,4,80,36,3,3,24,15,2,2,Research Leadership,Strategic Planning,7,6
34,Travel_Frequently,Research & Development,1,Life Sciences,256,4,Male,2,2,Manufacturing Director,3,9547,1,No,3,3,80,10,2,2,10,9,1,3,Operations Management,Process Optimization,6,5
51,Travel_Rarely,Research & Development,3,Medical,258,4,Female,3,4,Healthcare Representative,2,13734,3,No,3,3,80,21,6,3,7,7,2,2,Medical Sales,Product Knowledge,7,6
52,Travel_Rarely,Research & Development,4,Life Sciences,259,3,Male,2,5,Manager,3,19999,0,No,3,1,80,34,5,3,33,18,2,1,People Management,Project Planning,7,6
27,Travel_Rarely,Research & Development,3,Medical,260,4,Female,3,1,Research Scientist,2,2279,1,No,3,4,80,7,2,2,7,7,1,4,Data Analysis,Python,5,4
35,Travel_Rarely,Research & Development,2,Life Sciences,261,2,Male,2,2,Manufacturing Director,3,5916,3,Yes,3,1,80,8,1,3,1,0,1,1,Operations Management,Process Optimization,4,3
43,Non-Travel,Research & Development,3,Medical,262,4,Male,4,1,Research Scientist,4,2089,4,No,3,4,80,7,3,4,5,4,1,3,Data Analysis,Python,4,3
45,Non-Travel,Research & Development,2,Medical,264,1,Male,2,4,Manager,4,16792,9,No,4,4,80,22,1,3,20,8,2,2,People Management,Project Planning,8,7
37,Travel_Rarely,Research & Development,3,Life Sciences,267,2,Male,4,1,Research Scientist,1,3564,1,Yes,3,1,80,8,3,2,8,7,1,3,Data Analysis,Python,5,4
35,Travel_Frequently,Research & Development,3,Medical,269,2,Female,3,2,Laboratory Technician,2,4425,5,No,3,4,80,10,5,3,6,2,1,3,Laboratory Operations,Quality Control,5,4
42,Non-Travel,Research & Development,2,Medical,270,3,Female,3,2,Manufacturing Director,3,5265,2,No,3,2,80,11,5,3,5,3,1,2,Operations Management,Process Optimization,5,4
38,Travel_Rarely,Research & Development,4,Life Sciences,271,4,Male,3,2,Manufacturing Director,3,6553,9,No,3,2,80,14,3,3,1,0,1,2,Operations Management,Process Optimization,5,4
38,Travel_Rarely,Research & Development,3,Technical Degree,273,4,Male,3,2,Manufacturing Director,4,6261,3,No,3,1,80,9,3,1,7,7,1,3,Operations Management,Process Optimization,5,4
27,Travel_Frequently,Research & Development,1,Technical Degree,274,3,Male,2,2,Manufacturing Director,1,4298,5,No,3,3,80,6,1,3,2,2,1,1,Operations Management,Process Optimization,4,3
49,Non-Travel,Research & Development,4,Life Sciences,275,4,Male,3,2,Manufacturing Director,4,6804,1,Yes,3,1,80,7,0,3,7,7,1,1,Operations Management,Process Optimization,5,4
34,Travel_Frequently,Research & Development,4,Medical,277,4,Male,3,1,Research Scientist,3,3815,1,Yes,3,4,80,5,4,4,5,3,1,2,Data Analysis,Python,4,3
40,Travel_Rarely,Research & Development,2,Medical,281,3,Male,3,2,Laboratory Technician,4,2741,8,Yes,3,3,80,15,2,4,7,2,1,2,Laboratory Operations,Quality Control,5,4
38,Travel_Rarely,Research & Development,1,Medical,282,2,Male,3,2,Healthcare Representative,1,6673,7,Yes,3,2,80,17,2,3,1,0,1,2,Medical Sales,Product Knowledge,5,4
29,Travel_Rarely,Sales,3,Marketing,283,2,Female,3,3,Sales Executive,4,7639,1,No,4,4,80,10,3,2,10,4,2,3,Sales Strategy,CRM Tools,7,6
22,Travel_Rarely,Research & Development,3,Life Sciences,284,4,Male,4,1,Research Scientist,2,2328,1,Yes,3,1,80,4,2,2,4,2,1,2,Data Analysis,Python,3,2
36,Travel_Frequently,Research & Development,1,Medical,286,2,Female,3,1,Laboratory Technician,4,2153,1,No,3,1,80,8,2,3,8,1,1,2,Laboratory Operations,Quality Control,4,3
40,Non-Travel,Research & Development,5,Life Sciences,287,4,Male,2,2,Healthcare Representative,4,4876,9,No,3,4,80,5,5,1,3,2,1,2,Medical Sales,Product Knowledge,4,3
46,Travel_Rarely,Research & Development,4,Medical,288,4,Male,3,3,Healthcare Representative,1,9396,7,No,3,3,80,17,3,3,4,2,2,2,Medical Sales,Product Knowledge,6,5
32,Travel_Rarely,Sales,4,Medical,291,4,Male,1,3,Sales Executive,4,10400,1,No,3,3,80,14,2,2,14,8,2,3,Sales Strategy,CRM Tools,7,6
30,Non-Travel,Research & Development,1,Life Sciences,292,3,Male,2,3,Manufacturing Director,3,8474,1,No,4,3,80,12,2,3,11,8,2,3,Operations Management,Process Optimization,8,7
27,Travel_Frequently,Sales,3,Life Sciences,293,4,Female,3,2,Sales Executive,3,9981,1,No,3,4,80,7,2,3,7,7,1,3,Sales Strategy,CRM Tools,5,4
51,Travel_Rarely,Research & Development,4,Life Sciences,296,2,Male,2,3,Research Director,2,12490,5,No,3,4,80,16,5,1,10,9,2,3,Research Leadership,Strategic Planning,7,6
30,Travel_Rarely,Research & Development,3,Technical Degree,297,4,Female,3,1,Research Scientist,1,2657,5,Yes,3,3,80,8,5,3,5,2,1,2,Data Analysis,Python,4,3
41,Travel_Rarely,Sales,3,Life Sciences,298,4,Female,3,3,Manager,4,13591,3,Yes,3,3,80,16,3,3,1,0,2,1,People Management,Project Planning,6,5
30,Travel_Frequently,Sales,4,Marketing,299,3,Female,2,2,Sales Executive,1,6696,5,No,3,3,80,9,5,2,6,3,1,3,Sales Strategy,CRM Tools,4,3
29,Travel_Rarely,Research & Development,3,Technical Degree,300,3,Male,3,1,Research Scientist,3,2058,0,No,3,4,80,7,1,2,6,2,1,3,Data Analysis,Python,4,3
45,Non-Travel,Sales,3,Medical,302,4,Female,2,3,Sales Executive,4,8865,6,No,3,4,80,23,2,3,19,7,2,3,Sales Strategy,CRM Tools,7,6
54,Travel_Rarely,Sales,3,Marketing,303,4,Female,3,2,Sales Executive,1,5940,2,No,3,4,80,16,4,3,6,2,1,3,Sales Strategy,CRM Tools,5,4
36,Travel_Rarely,Research & Development,2,Life Sciences,304,4,Male,3,2,Laboratory Technician,2,5914,8,No,3,4,80,16,3,4,13,11,1,4,Laboratory Operations,Quality Control,6,5
33,Travel_Rarely,Research & Development,4,Medical,305,3,Female,2,1,Research Scientist,2,2622,6,No,4,4,80,7,3,3,3,2,1,4,Data Analysis,Python,5,4
37,Travel_Frequently,Research & Development,3,Other,306,2,Male,3,3,Research Director,4,12185,1,Yes,3,3,80,10,1,3,10,8,2,2,Research Leadership,Strategic Planning,7,6
38,Travel_Rarely,Sales,3,Life Sciences,307,1,Male,3,3,Sales Executive,3,10609,0,No,3,3,80,17,6,2,16,10,2,3,Sales Strategy,CRM Tools,7,6
31,Non-Travel,Research & Development,4,Medical,308,3,Male,1,2,Manufacturing Director,3,4345,0,No,3,4,80,6,2,3,5,4,1,1,Operations Management,Process Optimization,4,3
59,Travel_Rarely,Research & Development,3,Life Sciences,309,3,Male,2,1,Research Scientist,4,2177,3,No,3,1,80,7,6,3,1,0,1,3,Data Analysis,Python,4,3
37,Travel_Frequently,Sales,4,Marketing,311,1,Male,3,1,Sales Representative,4,2793,4,No,3,3,80,13,2,3,9,8,2,3,Client Acquisition,Negotiation,7,6
29,Travel_Frequently,Sales,1,Medical,312,2,Female,3,3,Sales Executive,4,7918,1,No,3,4,80,11,5,3,11,10,2,3,Sales Strategy,CRM Tools,7,6
35,Travel_Frequently,Sales,3,Marketing,314,3,Female,3,3,Sales Executive,3,8789,1,No,3,1,80,10,3,4,10,7,2,3,Sales Strategy,CRM Tools,7,6
29,Travel_Rarely,Research & Development,1,Medical,315,3,Male,2,1,Research Scientist,4,2389,1,Yes,3,3,80,4,3,2,4,3,1,2,Data Analysis,Python,3,2
52,Travel_Rarely,Research & Development,3,Life Sciences,316,3,Female,2,1,Laboratory Technician,4,3212,7,No,3,2,80,6,3,2,2,2,1,2,Laboratory Operations,Quality Control,4,3
42,Travel_Rarely,Research & Development,2,Technical Degree,319,3,Male,3,5,Manager,4,19232,1,No,3,4,80,22,3,3,22,17,2,1,People Management,Project Planning,7,6
59,Travel_Rarely,Human Resources,2,Medical,321,2,Male,3,1,Human Resources,3,2267,8,No,3,4,80,7,2,2,2,2,1,2,Talent Management,Employee Engagement,4,3
50,Travel_Rarely,Sales,4,Medical,323,4,Female,3,5,Manager,4,19517,3,No,3,3,80,32,3,2,7,0,2,1,People Management,Project Planning,6,5
33,Travel_Rarely,Research & Development,3,Medical,325,3,Male,3,1,Laboratory Technician,4,2436,5,Yes,3,3,80,8,2,1,5,4,1,1,Laboratory Operations,Quality Control,4,3
43,Travel_Rarely,Sales,3,Marketing,327,4,Female,3,4,Manager,4,16064,5,Yes,4,3,80,22,3,3,17,13,2,1,People Management,Project Planning,8,7
33,Travel_Rarely,Research & Development,2,Life Sciences,328,1,Female,3,1,Laboratory Technician,1,2707,7,No,4,1,80,13,3,4,9,7,2,4,Laboratory Operations,Quality Control,8,7
52,Non-Travel,Sales,4,Life Sciences,329,1,Male,2,5,Manager,3,19068,1,Yes,3,4,80,33,2,4,33,7,2,1,People Management,Project Planning,7,6
32,Travel_Rarely,Sales,2,Life Sciences,330,3,Female,3,1,Sales Representative,2,3931,2,No,3,1,80,6,5,3,4,3,1,2,Client Acquisition,Negotiation,4,3
32,Travel_Rarely,Research & Development,3,Life Sciences,331,4,Male,2,1,Laboratory Technician,3,3730,0,Yes,3,4,80,4,2,1,3,2,1,1,Laboratory Operations,Quality Control,3,2
39,Travel_Rarely,Research & Development,4,Medical,332,3,Female,3,1,Laboratory Technician,3,2232,7,No,3,3,80,7,1,3,3,2,1,2,Laboratory Operations,Quality Control,4,3
32,Non-Travel,Sales,4,Marketing,333,3,Male,3,2,Sales Executive,4,4465,0,No,3,1,80,4,2,3,3,2,1,2,Sales Strategy,CRM Tools,3,2
41,Travel_Rarely,Research & Development,2,Life Sciences,334,3,Male,3,2,Research Scientist,1,3072,2,No,3,1,80,17,2,2,1,0,1,4,Data Analysis,Python,5,4
40,Travel_Rarely,Research & Development,2,Technical Degree,335,1,Male,3,2,Research Scientist,4,3319,1,No,3,1,80,9,3,3,9,8,1,4,Data Analysis,Python,5,4
45,Travel_Rarely,Research & Development,3,Other,336,3,Male,4,5,Manager,4,19202,0,No,3,3,80,25,2,3,24,0,2,1,People Management,Project Planning,6,5
31,Travel_Frequently,Research & Development,4,Medical,337,2,Male,3,3,Research Director,3,13675,9,No,3,1,80,9,3,3,2,2,1,3,Research Leadership,Strategic Planning,4,3
33,Travel_Rarely,Research & Development,4,Life Sciences,338,3,Female,2,1,Research Scientist,4,2911,1,No,3,3,80,2,2,2,2,2,0,2,Data Analysis,Python,2,1
34,Travel_Rarely,Research & Development,4,Life Sciences,339,4,Male,2,2,Manufacturing Director,1,5957,6,No,3,2,80,13,3,3,11,9,1,3,Operations Management,Process Optimization,6,5
37,Travel_Rarely,Research & Development,2,Medical,340,3,Female,2,1,Research Scientist,1,3920,2,No,3,1,80,17,2,2,3,1,2,3,Data Analysis,Python,6,5
45,Travel_Frequently,Research & Development,4,Life Sciences,341,1,Male,4,2,Manufacturing Director,3,6434,4,No,3,4,80,9,1,3,3,2,1,2,Operations Management,Process Optimization,4,3
37,Travel_Frequently,Research & Development,3,Medical,342,1,Male,3,3,Manufacturing Director,3,10048,6,No,3,2,80,17,5,3,1,0,2,1,Operations Management,Process Optimization,6,5
39,Travel_Frequently,Research & Development,4,Technical Degree,343,3,Female,3,3,Healthcare Representative,3,10938,0,No,4,4,80,20,1,3,19,6,2,4,Medical Sales,Product Knowledge,8,7
29,Travel_Rarely,Research & Development,3,Life Sciences,346,3,Male,3,1,Research Scientist,4,2340,1,No,3,1,80,6,1,3,6,5,1,4,Data Analysis,Python,5,4
42,Travel_Rarely,Research & Development,2,Life Sciences,347,4,Female,4,2,Research Scientist,1,6545,3,Yes,3,3,80,10,1,3,3,2,1,3,Data Analysis,Python,5,4
29,Travel_Rarely,Sales,2,Marketing,349,4,Male,3,2,Sales Executive,4,6931,2,No,3,4,80,10,2,3,3,2,1,3,Sales Strategy,CRM Tools,5,4
25,Travel_Rarely,Research & Development,3,Life Sciences,350,1,Female,3,2,Manufacturing Director,3,4898,0,No,3,4,80,5,3,3,4,2,1,1,Operations Management,Process Optimization,4,3
42,Travel_Rarely,Research & Development,3,Medical,351,4,Female,2,1,Laboratory Technician,1,2593,0,Yes,3,3,80,10,4,3,9,6,2,2,Laboratory Operations,Quality Control,7,6
40,Travel_Rarely,Research & Development,2,Medical,352,1,Male,3,5,Research Director,3,19436,0,No,3,4,80,22,5,3,21,7,2,2,Research Leadership,Strategic Planning,7,6
51,Travel_Rarely,Research & Development,3,Life Sciences,353,3,Male,3,1,Research Scientist,4,2723,1,No,3,2,80,1,0,2,1,0,0,2,Data Analysis,Python,2,1
31,Travel_Frequently,Research & Development,2,Medical,355,3,Male,2,1,Laboratory Technician,2,3479,0,No,3,2,80,6,2,4,5,4,1,2,Laboratory Operations,Quality Control,4,3
32,Travel_Frequently,Research & Development,3,Life Sciences,359,2,Male,4,1,Laboratory Technician,2,2794,1,No,4,3,80,5,3,1,5,1,1,3,Laboratory Operations,Quality Control,5,4
38,Non-Travel,Sales,2,Life Sciences,361,4,Male,2,2,Sales Executive,4,5249,3,No,3,4,80,13,0,3,8,7,1,4,Sales Strategy,CRM Tools,6,5
32,Travel_Rarely,Research & Development,1,Technical Degree,362,4,Male,2,2,Laboratory Technician,1,2176,4,No,3,4,80,9,5,3,6,2,1,3,Laboratory Operations,Quality Control,4,3
46,Travel_Rarely,Sales,3,Technical Degree,363,3,Female,1,4,Manager,2,16872,3,Yes,3,2,80,28,2,2,7,7,2,1,People Management,Project Planning,7,6
28,Travel_Rarely,Research & Development,4,Life Sciences,364,1,Male,3,1,Laboratory Technician,3,3485,2,No,3,3,80,5,5,1,0,0,1,2,Laboratory Operations,Quality Control,4,3
29,Travel_Rarely,Sales,3,Medical,366,1,Male,2,2,Sales Executive,2,6644,2,No,3,2,80,10,2,3,0,0,1,3,Sales Strategy,CRM Tools,5,4
31,Travel_Rarely,Research & Development,3,Medical,367,2,Male,2,2,Healthcare Representative,4,5582,0,No,4,2,80,10,2,3,9,0,1,4,Medical Sales,Product Knowledge,6,5
25,Non-Travel,Research & Development,2,Life Sciences,369,2,Male,4,2,Healthcare Representative,1,4000,1,No,3,4,80,6,2,3,6,3,1,2,Medical Sales,Product Knowledge,4,3
45,Travel_Rarely,Research & Development,2,Medical,372,3,Male,3,4,Healthcare Representative,4,13496,0,Yes,3,2,80,21,2,3,20,7,2,1,Medical Sales,Product Knowledge,7,6
36,Travel_Rarely,Research & Development,3,Life Sciences,373,4,Male,3,1,Laboratory Technician,4,3210,0,No,3,3,80,16,4,3,15,13,2,3,Laboratory Operations,Quality Control,7,6
55,Travel_Rarely,Research & Development,3,Medical,374,4,Male,3,5,Manager,1,19045,0,Yes,3,3,80,37,2,3,36,10,2,1,People Management,Project Planning,7,6
47,Non-Travel,Research & Development,4,Life Sciences,376,1,Male,3,3,Manager,2,11849,1,Yes,3,4,80,10,2,2,10,7,2,1,People Management,Project Planning,7,6
28,Travel_Rarely,Research & Development,3,Medical,377,4,Male,3,1,Research Scientist,4,2070,1,No,4,4,80,5,3,2,5,2,1,4,Data Analysis,Python,5,4
37,Travel_Rarely,Sales,4,Medical,378,3,Male,3,2,Sales Executive,4,6502,4,No,3,2,80,7,5,4,5,4,1,2,Sales Strategy,CRM Tools,4,3
21,Travel_Rarely,Research & Development,2,Medical,379,4,Male,2,1,Research Scientist,3,3230,1,No,3,1,80,3,4,4,3,2,0,2,Data Analysis,Python,2,1
37,Non-Travel,Research & Development,4,Medical,380,1,Female,3,3,Research Director,4,13603,2,Yes,3,1,80,15,2,3,5,2,2,1,Research Leadership,Strategic Planning,6,5
35,Travel_Rarely,Research & Development,3,Life Sciences,381,2,Female,4,3,Manager,2,11996,7,No,3,2,80,10,6,2,7,7,2,2,People Management,Project Planning,7,6
38,Travel_Rarely,Sales,2,Medical,382,1,Female,4,2,Sales Executive,1,5605,1,Yes,4,3,80,8,3,3,8,0,1,2,Sales Strategy,CRM Tools,5,4
26,Travel_Frequently,Research & Development,3,Life Sciences,384,3,Female,3,2,Manufacturing Director,2,6397,1,No,4,1,80,6,6,1,6,5,1,3,Operations Management,Process Optimization,6,5
50,Travel_Rarely,Research & Development,1,Life Sciences,385,1,Male,3,5,Research Director,2,19144,3,No,3,1,80,28,4,2,10,4,2,1,Research Leadership,Strategic Planning,6,5
53,Travel_Rarely,Research & Development,4,Medical,386,3,Male,3,4,Research Director,3,17584,3,Yes,3,4,80,21,5,2,5,3,2,1,Research Leadership,Strategic Planning,6,5
42,Travel_Rarely,Sales,1,Life Sciences,387,2,Male,3,2,Sales Executive,3,4907,1,No,4,3,80,20,3,3,20,16,1,4,Sales Strategy,CRM Tools,7,6
29,Travel_Frequently,Sales,2,Life Sciences,388,2,Male,3,2,Sales Executive,4,4554,1,No,3,1,80,10,3,2,10,7,1,4,Sales Strategy,CRM Tools,6,5
55,Travel_Rarely,Research & Development,2,Technical Degree,389,2,Male,3,2,Laboratory Technician,4,5415,3,Yes,3,4,80,12,4,3,10,7,1,3,Laboratory Operations,Quality Control,6,5
26,Travel_Frequently,Research & Development,2,Medical,390,1,Male,3,2,Healthcare Representative,1,4741,1,Yes,3,3,80,5,3,3,5,3,1,1,Medical Sales,Product Knowledge,4,3
37,Travel_Rarely,Research & Development,3,Life Sciences,391,4,Female,3,1,Research Scientist,4,2115,1,No,3,2,80,17,3,3,17,12,2,4,Data Analysis,Python,7,6
44,Travel_Frequently,Research & Development,3,Life Sciences,392,4,Male,3,1,Laboratory Technician,3,3161,3,Yes,4,4,80,19,0,1,1,0,2,2,Laboratory Operations,Quality Control,7,6
38,Travel_Rarely,Research & Development,4,Life Sciences,393,4,Male,3,2,Healthcare Representative,4,5745,9,No,3,2,80,10,2,3,2,2,1,3,Medical Sales,Product Knowledge,5,4
26,Travel_Rarely,Research & Development,4,Medical,394,1,Male,3,1,Laboratory Technician,2,2373,2,Yes,3,4,80,5,2,3,3,2,1,1,Laboratory Operations,Quality Control,4,3
28,Travel_Rarely,Research & Development,2,Life Sciences,395,4,Female,3,1,Research Scientist,4,3310,1,No,4,4,80,5,3,3,5,3,1,4,Data Analysis,Python,5,4
49,Travel_Frequently,Research & Development,4,Life Sciences,396,3,Female,3,5,Research Director,1,18665,9,Yes,3,4,80,22,4,3,3,2,2,1,Research Leadership,Strategic Planning,6,5
36,Travel_Rarely,Research & Development,3,Technical Degree,397,3,Male,3,2,Research Scientist,2,4485,4,No,3,4,80,10,2,3,8,0,1,4,Data Analysis,Python,5,4
31,Travel_Frequently,Sales,3,Marketing,399,4,Female,3,1,Sales Representative,2,2789,1,No,3,3,80,2,5,2,2,2,0,1,Client Acquisition,Negotiation,2,1
26,Travel_Rarely,Sales,4,Marketing,401,4,Male,2,2,Sales Executive,4,5828,1,Yes,3,2,80,8,0,3,8,7,1,2,Sales Strategy,CRM Tools,5,4
37,Travel_Frequently,Research & Development,3,Medical,403,2,Male,3,1,Research Scientist,4,2326,1,Yes,3,3,80,4,3,2,4,2,1,2,Data Analysis,Python,3,2
42,Travel_Frequently,Sales,3,Marketing,404,3,Female,3,4,Sales Executive,2,13525,5,No,3,4,80,23,2,4,20,4,2,1,Sales Strategy,CRM Tools,6,5
18,Travel_Rarely,Research & Development,3,Life Sciences,405,3,Male,3,1,Laboratory Technician,3,1420,1,No,3,3,80,0,2,3,0,0,0,1,Laboratory Operations,Quality Control,2,1
35,Travel_Rarely,Sales,3,Marketing,406,3,Male,3,3,Sales Executive,2,8020,0,No,3,3,80,12,3,2,11,9,2,3,Sales Strategy,CRM Tools,7,6
36,Travel_Frequently,Research & Development,4,Life Sciences,407,3,Male,4,1,Laboratory Technician,4,3688,4,No,3,4,80,4,2,3,1,0,1,2,Laboratory Operations,Quality Control,3,2
51,Travel_Rarely,Research & Development,3,Medical,408,4,Male,1,2,Manufacturing Director,2,5482,5,No,3,4,80,13,3,3,4,1,1,2,Operations Management,Process Optimization,5,4
41,Travel_Rarely,Sales,4,Life Sciences,410,4,Male,3,4,Manager,2,16015,1,No,3,2,80,22,2,3,22,10,2,1,People Management,Project Planning,7,6
18,Travel_Rarely,Sales,3,Medical,411,4,Female,2,1,Sales Representative,3,1200,1,No,3,1,80,0,2,3,0,0,0,1,Client Acquisition,Negotiation,2,1
28,Travel_Rarely,Research & Development,2,Medical,412,2,Male,4,2,Healthcare Representative,1,5661,0,No,3,3,80,9,2,3,8,3,1,3,Medical Sales,Product Knowledge,4,3
31,Travel_Rarely,Sales,3,Technical Degree,416,2,Male,4,2,Sales Executive,4,6929,4,No,3,2,80,10,3,2,8,7,1,4,Sales Strategy,CRM Tools,6,5
39,Travel_Rarely,Research & Development,3,Medical,417,3,Male,4,3,Healthcare Representative,4,9613,0,No,3,1,80,19,5,2,18,10,2,3,Medical Sales,Product Knowledge,7,6
36,Non-Travel,Research & Development,4,Life Sciences,419,2,Female,3,2,Laboratory Technician,2,5674,7,No,3,3,80,11,3,3,9,8,1,4,Laboratory Operations,Quality Control,6,5
32,Travel_Rarely,Sales,3,Life Sciences,420,4,Male,2,2,Sales Executive,3,5484,1,No,3,3,80,13,3,2,13,8,1,4,Sales Strategy,CRM Tools,6,5
38,Travel_Rarely,Research & Development,2,Life Sciences,421,1,Female,2,3,Research Director,2,12061,3,No,3,3,80,19,2,3,10,8,2,3,Research Leadership,Strategic Planning,7,6
58,Non-Travel,Research & Development,4,Life Sciences,422,4,Male,1,2,Healthcare Representative,3,5660,2,Yes,3,4,80,12,2,3,5,3,1,2,Medical Sales,Product Knowledge,5,4
31,Travel_Rarely,Research & Development,4,Technical Degree,423,3,Male,3,1,Research Scientist,4,4821,0,Yes,3,3,80,6,4,3,5,2,1,2,Data Analysis,Python,4,3
31,Travel_Rarely,Human Resources,3,Human Resources,424,1,Male,2,2,Human Resources,1,6410,3,No,3,4,80,9,1,3,2,2,1,3,Talent Management,Employee Engagement,4,3
45,Travel_Frequently,Research & Development,3,Life Sciences,425,1,Male,3,3,Laboratory Technician,1,5210,1,No,3,1,80,24,2,3,24,9,2,3,Laboratory Operations,Quality Control,7,6
31,Travel_Rarely,Research & Development,4,Life Sciences,426,3,Male,3,1,Research Scientist,4,2695,0,Yes,3,2,80,3,2,1,2,2,0,1,Data Analysis,Python,2,1
33,Travel_Frequently,Research & Development,4,Life Sciences,428,4,Female,3,3,Manager,2,11878,6,No,3,2,80,12,2,3,10,6,2,2,People Management,Project Planning,7,6
39,Travel_Rarely,Research & Development,1,Medical,429,3,Male,3,4,Manager,1,17068,1,Yes,3,4,80,21,3,3,21,9,2,1,People Management,Project Planning,7,6
43,Travel_Frequently,Research & Development,4,Life Sciences,430,3,Female,3,1,Laboratory Technician,4,2455,0,No,3,1,80,9,5,3,8,7,1,4,Laboratory Operations,Quality Control,5,4
49,Travel_Rarely,Research & Development,2,Technical Degree,431,3,Female,2,4,Healthcare Representative,3,13964,7,Yes,3,4,80,25,2,3,7,1,2,1,Medical Sales,Product Knowledge,6,5
52,Travel_Rarely,Research & Development,4,Medical,433,3,Male,2,2,Research Scientist,2,4941,2,No,3,1,80,11,3,2,8,2,1,4,Data Analysis,Python,5,4
27,Travel_Rarely,Research & Development,3,Life Sciences,434,3,Female,3,1,Research Scientist,2,2478,1,Yes,3,2,80,4,2,2,4,3,1,2,Data Analysis,Python,3,2
32,Travel_Rarely,Sales,2,Technical Degree,436,3,Female,2,2,Sales Executive,2,5228,1,Yes,3,4,80,13,2,3,13,12,1,3,Sales Strategy,CRM Tools,6,5
27,Travel_Rarely,Sales,3,Life Sciences,437,4,Male,3,2,Sales Executive,3,4478,1,Yes,3,1,80,5,3,3,5,4,1,1,Sales Strategy,CRM Tools,4,3
31,Travel_Rarely,Sales,3,Marketing,438,4,Male,3,2,Sales Executive,4,7547,4,No,3,4,80,13,3,3,7,7,1,4,Sales Strategy,CRM Tools,6,5
32,Travel_Rarely,Research & Development,4,Medical,439,1,Female,4,2,Research Scientist,4,5055,7,No,3,3,80,10,0,2,7,7,1,4,Data Analysis,Python,6,5
28,Travel_Rarely,Research & Development,4,Medical,440,1,Male,1,1,Research Scientist,4,3464,5,Yes,3,4,80,5,4,2,3,2,1,2,Data Analysis,Python,4,3
30,Travel_Rarely,Research & Development,2,Medical,441,4,Female,3,2,Research Scientist,4,5775,1,No,3,4,80,11,2,3,10,8,1,4,Data Analysis,Python,6,5
31,Travel_Frequently,Research & Development,2,Life Sciences,442,3,Female,2,3,Manufacturing Director,3,8943,1,No,4,1,80,10,2,3,10,9,2,3,Operations Management,Process Optimization,8,7
39,Travel_Frequently,Research & Development,2,Medical,444,3,Male,2,5,Manager,4,19272,1,No,3,1,80,21,2,3,21,9,2,1,People Management,Project Planning,7,6
39,Travel_Rarely,Sales,2,Medical,445,4,Female,3,2,Sales Executive,3,5238,4,Yes,3,1,80,12,3,2,1,0,1,2,Sales Strategy,CRM Tools,5,4
33,Travel_Frequently,Sales,3,Marketing,446,2,Male,2,2,Sales Executive,4,4682,3,No,3,3,80,9,6,2,7,7,1,4,Sales Strategy,CRM Tools,5,4
47,Travel_Rarely,Research & Development,5,Life Sciences,447,4,Male,3,5,Research Director,3,18300,4,No,3,2,80,21,2,3,3,2,2,1,Research Leadership,Strategic Planning,6,5
43,Travel_Frequently,Research & Development,4,Life Sciences,448,3,Female,2,2,Laboratory Technician,3,5257,1,No,3,2,80,9,3,4,9,7,1,4,Laboratory Operations,Quality Control,5,4
27,Non-Travel,Sales,1,Marketing,449,3,Male,3,2,Sales Executive,2,6349,0,Yes,3,4,80,6,0,3,5,4,1,1,Sales Strategy,CRM Tools,4,3
54,Travel_Frequently,Research & Development,4,Life Sciences,450,4,Female,3,2,Research Scientist,3,4869,3,No,3,4,80,20,4,2,4,3,1,4,Data Analysis,Python,5,4
43,Travel_Rarely,Research & Development,3,Life Sciences,451,3,Female,3,3,Healthcare Representative,1,9985,8,No,3,1,80,10,1,2,1,0,2,2,Medical Sales,Product Knowledge,6,5
45,Travel_Rarely,Research & Development,4,Other,452,4,Male,3,2,Research Scientist,4,3697,9,No,3,1,80,12,3,3,10,9,1,4,Data Analysis,Python,6,5
40,Travel_Rarely,Sales,2,Medical,453,2,Male,1,2,Sales Executive,4,7457,2,Yes,4,3,80,6,2,2,4,3,1,2,Sales Strategy,CRM Tools,5,4
29,Travel_Rarely,Research & Development,4,Other,454,2,Male,1,1,Laboratory Technician,1,2119,1,Yes,3,4,80,7,4,2,7,7,1,2,Laboratory Operations,Quality Control,5,4
29,Travel_Rarely,Research & Development,5,Other,455,2,Male,2,1,Laboratory Technician,4,3983,0,No,3,3,80,4,2,3,3,2,1,2,Laboratory Operations,Quality Control,3,2
30,Travel_Rarely,Sales,3,Marketing,456,4,Female,2,2,Sales Executive,3,6118,1,No,3,3,80,10,2,3,10,9,1,4,Sales Strategy,CRM Tools,6,5
27,Travel_Rarely,Sales,4,Marketing,458,2,Female,3,2,Sales Executive,2,6214,1,No,3,1,80,8,3,3,8,7,1,3,Sales Strategy,CRM Tools,5,4
37,Travel_Rarely,Research & Development,2,Medical,460,4,Male,3,2,Manufacturing Director,4,6347,7,No,3,3,80,8,2,2,6,2,1,1,Operations Management,Process Optimization,4,3
38,Travel_Rarely,Research & Development,2,Life Sciences,461,3,Male,2,3,Research Director,4,11510,0,Yes,3,2,80,12,3,3,11,10,2,2,Research Leadership,Strategic Planning,7,6
31,Travel_Rarely,Research & Development,4,Medical,462,3,Female,3,3,Manufacturing Director,4,7143,1,Yes,3,3,80,11,2,2,11,9,2,1,Operations Management,Process Optimization,7,6
29,Travel_Rarely,Sales,1,Marketing,463,4,Female,2,2,Sales Executive,2,8268,1,Yes,3,1,80,7,2,3,7,7,1,2,Sales Strategy,CRM Tools,5,4
35,Travel_Rarely,Research & Development,4,Technical Degree,464,3,Male,3,3,Manufacturing Director,2,8095,0,No,3,4,80,17,5,3,16,6,2,2,Operations Management,Process Optimization,7,6
23,Travel_Rarely,Research & Development,1,Life Sciences,465,3,Male,3,1,Research Scientist,4,2904,1,No,3,3,80,4,2,2,4,2,1,3,Data Analysis,Python,3,2
41,Travel_Rarely,Research & Development,3,Medical,466,4,Male,2,2,Manufacturing Director,2,6032,6,Yes,3,4,80,8,3,3,5,4,1,1,Operations Management,Process Optimization,4,3
47,Travel_Frequently,Sales,1,Medical,467,2,Male,3,2,Sales Representative,3,2976,3,No,3,1,80,5,3,3,0,0,1,2,Client Acquisition,Negotiation,4,3
42,Travel_Rarely,Research & Development,5,Life Sciences,468,1,Female,3,4,Research Director,4,15992,2,No,3,2,80,16,2,3,1,0,2,1,Research Leadership,Strategic Planning,6,5
29,Non-Travel,Sales,3,Life Sciences,469,4,Male,3,2,Sales Executive,3,4649,1,No,3,1,80,4,3,2,4,3,1,2,Sales Strategy,CRM Tools,3,2
42,Travel_Rarely,Human Resources,1,Technical Degree,470,3,Male,3,1,Human Resources,3,2696,0,Yes,3,3,80,4,5,3,3,2,1,1,Talent Management,Employee Engagement,3,2
32,Travel_Rarely,Research & Development,3,Medical,471,3,Female,3,1,Laboratory Technician,2,2370,1,No,3,3,80,8,4,3,8,0,1,2,Laboratory Operations,Quality Control,4,3
48,Travel_Rarely,Sales,1,Medical,473,1,Female,3,3,Manager,3,12504,3,No,4,2,80,15,3,1,0,0,2,2,People Management,Project Planning,7,6
37,Travel_Rarely,Research & Development,3,Medical,474,3,Male,4,2,Research Scientist,1,5974,4,Yes,3,1,80,13,2,3,7,7,1,4,Data Analysis,Python,6,5
30,Non-Travel,Sales,2,Technical Degree,475,4,Female,3,2,Sales Executive,3,4736,7,Yes,3,2,80,4,2,4,2,2,1,1,Sales Strategy,CRM Tools,3,2
26,Travel_Rarely,Sales,3,Life Sciences,476,3,Male,3,2,Sales Executive,3,5296,1,No,3,2,80,8,3,3,8,7,1,3,Sales Strategy,CRM Tools,5,4
42,Travel_Rarely,Research & Development,4,Other,477,1,Male,2,2,Healthcare Representative,4,6781,3,No,4,2,80,14,6,3,1,0,1,4,Medical Sales,Product Knowledge,6,5
21,Travel_Frequently,Sales,1,Technical Degree,478,1,Female,2,1,Sales Representative,2,2174,1,Yes,3,3,80,3,3,3,3,2,0,1,Client Acquisition,Negotiation,2,1
36,Non-Travel,Sales,5,Medical,479,4,Female,3,2,Sales Executive,4,6653,4,No,3,2,80,7,6,3,1,0,1,2,Sales Strategy,CRM Tools,4,3
36,Travel_Frequently,Sales,4,Medical,481,1,Male,2,3,Sales Executive,4,9699,4,No,3,1,80,16,2,3,13,9,2,3,Sales Strategy,CRM Tools,7,6
57,Travel_Rarely,Research & Development,4,Medical,482,4,Male,3,2,Healthcare Representative,3,6755,2,No,3,3,80,15,2,3,3,2,1,3,Medical Sales,Product Knowledge,5,4
40,Travel_Rarely,Research & Development,4,Life Sciences,483,4,Female,4,1,Laboratory Technician,3,2213,3,Yes,3,3,80,10,3,3,7,7,2,2,Laboratory Operations,Quality Control,7,6
21,Non-Travel,Sales,2,Medical,484,1,Male,3,1,Sales Representative,4,2610,1,No,4,3,80,3,3,2,3,2,0,2,Client Acquisition,Negotiation,3,2
33,Travel_Rarely,Sales,3,Marketing,485,4,Female,3,1,Sales Representative,3,2851,1,Yes,3,2,80,1,2,3,1,0,0,1,Client Acquisition,Negotiation,2,1
37,Travel_Rarely,Research & Development,3,Medical,486,3,Female,3,1,Laboratory Technician,1,3452,6,No,4,2,80,17,3,3,5,4,2,3,Laboratory Operations,Quality Control,7,6
46,Non-Travel,Research & Development,4,Medical,487,3,Female,3,2,Manufacturing Director,3,5258,2,No,3,3,80,7,2,4,1,0,1,1,Operations Management,Process Optimization,4,3
41,Travel_Frequently,Sales,3,Marketing,488,1,Male,3,2,Sales Executive,2,9355,1,No,3,3,80,8,5,3,8,7,1,3,Sales Strategy,CRM Tools,5,4
50,Travel_Rarely,Research & Development,3,Technical Degree,491,4,Male,2,3,Healthcare Representative,4,10496,6,No,3,4,80,20,2,3,4,3,2,2,Medical Sales,Product Knowledge,6,5
40,Travel_Rarely,Sales,2,Marketing,492,3,Male,2,2,Sales Executive,3,6380,2,Yes,3,1,80,8,6,3,6,4,1,1,Sales Strategy,CRM Tools,4,3
31,Travel_Rarely,Research & Development,4,Life Sciences,493,3,Male,2,1,Research Scientist,2,2657,0,Yes,3,4,80,3,5,3,2,2,0,1,Data Analysis,Python,2,1
21,Travel_Rarely,Sales,3,Life Sciences,494,3,Female,4,1,Sales Representative,2,2716,1,No,3,4,80,1,0,3,1,0,0,1,Client Acquisition,Negotiation,2,1
29,Travel_Rarely,Research & Development,3,Life Sciences,495,4,Male,3,1,Research Scientist,4,2201,9,No,3,4,80,6,4,3,3,2,1,3,Data Analysis,Python,4,3
35,Travel_Rarely,Research & Development,4,Life Sciences,496,3,Male,2,2,Healthcare Representative,2,6540,9,No,3,3,80,10,5,3,1,1,1,3,Medical Sales,Product Knowledge,5,4
27,Travel_Rarely,Research & Development,2,Medical,497,4,Male,3,1,Laboratory Technician,2,3816,1,No,3,2,80,5,2,3,5,2,1,2,Laboratory Operations,Quality Control,4,3
28,Travel_Rarely,Sales,4,Life Sciences,498,2,Male,3,2,Sales Executive,4,5253,1,No,3,4,80,7,1,3,7,5,1,3,Sales Strategy,CRM Tools,5,4
49,Travel_Rarely,Research & Development,3,Other,499,2,Male,2,3,Healthcare Representative,3,10965,8,No,4,3,80,26,2,3,5,2,2,3,Medical Sales,Product Knowledge,7,6
51,Travel_Rarely,Sales,2,Life Sciences,500,3,Female,3,2,Sales Executive,4,4936,4,No,3,3,80,18,2,2,7,7,1,4,Sales Strategy,CRM Tools,6,5
36,Travel_Rarely,Research & Development,3,Life Sciences,501,4,Female,3,1,Research Scientist,3,2543,4,No,3,2,80,6,3,3,2,2,1,3,Data Analysis,Python,4,3
34,Non-Travel,Sales,3,Marketing,502,1,Male,4,2,Sales Executive,4,5304,8,Yes,3,2,80,9,3,2,5,2,1,2,Sales Strategy,CRM Tools,4,3
55,Travel_Rarely,Research & Development,3,Life Sciences,505,3,Female,3,4,Manager,4,16659,2,Yes,3,3,80,30,2,3,5,4,2,1,People Management,Project Planning,6,5
24,Travel_Rarely,Sales,4,Marketing,507,4,Female,3,2,Sales Executive,3,4260,1,Yes,3,4,80,5,2,4,5,2,1,1,Sales Strategy,CRM Tools,4,3
30,Travel_Rarely,Sales,1,Technical Degree,508,3,Male,3,1,Sales Representative,2,2476,1,No,3,1,80,1,3,3,1,0,0,1,Client Acquisition,Negotiation,2,1
26,Travel_Frequently,Research & Development,1,Technical Degree,510,3,Male,3,1,Research Scientist,1,3102,0,No,4,3,80,7,2,3,6,4,1,4,Data Analysis,Python,5,4
22,Travel_Rarely,Research & Development,3,Medical,511,1,Female,3,1,Research Scientist,2,2244,1,No,3,4,80,2,1,3,2,1,0,2,Data Analysis,Python,2,1
36,Travel_Rarely,Sales,2,Medical,513,2,Male,2,3,Sales Executive,3,7596,1,No,3,2,80,10,2,3,10,9,2,3,Sales Strategy,CRM Tools,7,6
30,Travel_Frequently,Research & Development,3,Technical Degree,514,3,Male,3,1,Research Scientist,4,2285,9,Yes,4,3,80,3,4,3,1,0,0,2,Data Analysis,Python,3,2
37,Travel_Rarely,Research & Development,3,Life Sciences,515,4,Female,3,1,Laboratory Technician,1,3034,1,No,3,3,80,18,2,2,18,7,2,3,Laboratory Operations,Quality Control,7,6
40,Travel_Rarely,Sales,2,Marketing,516,4,Female,3,2,Sales Executive,2,5715,7,No,3,3,80,8,5,3,5,4,1,2,Sales Strategy,CRM Tools,4,3
42,Travel_Rarely,Research & Development,4,Life Sciences,517,2,Female,3,1,Laboratory Technician,1,2576,3,No,3,2,80,8,5,3,5,2,1,2,Laboratory Operations,Quality Control,4,3
37,Travel_Rarely,Research & Development,4,Life Sciences,518,3,Male,3,2,Manufacturing Director,2,4197,2,Yes,3,4,80,18,2,2,1,0,1,1,Operations Management,Process Optimization,5,4
43,Travel_Rarely,Research & Development,3,Life Sciences,520,1,Male,2,4,Research Director,2,14336,1,No,3,3,80,25,3,3,25,10,2,2,Research Leadership,Strategic Planning,7,6
40,Travel_Rarely,Research & Development,3,Medical,521,2,Female,2,2,Laboratory Technician,3,3448,6,No,4,2,80,20,3,3,1,0,1,4,Laboratory Operations,Quality Control,6,5
54,Travel_Rarely,Research & Development,2,Medical,522,1,Male,3,5,Research Director,1,19406,4,No,3,3,80,24,4,2,4,2,2,1,Research Leadership,Strategic Planning,6,5
34,Non-Travel,Sales,4,Marketing,523,3,Female,3,2,Sales Executive,3,6538,9,No,3,1,80,6,3,3,3,2,1,2,Sales Strategy,CRM Tools,4,3
31,Travel_Rarely,Research & Development,2,Medical,524,2,Female,3,2,Manufacturing Director,1,4306,1,No,3,2,80,13,5,1,13,10,1,3,Operations Management,Process Optimization,6,5
43,Travel_Frequently,Research & Development,3,Medical,525,4,Male,3,1,Laboratory Technician,4,2258,7,No,4,1,80,8,1,3,3,2,1,3,Laboratory Operations,Quality Control,5,4
43,Travel_Rarely,Research & Development,4,Other,526,3,Female,3,2,Healthcare Representative,3,4522,4,Yes,3,4,80,8,3,3,5,2,1,1,Medical Sales,Product Knowledge,4,3
25,Travel_Rarely,Sales,2,Life Sciences,527,2,Female,2,2,Sales Executive,4,4487,1,Yes,3,2,80,5,3,3,5,4,1,1,Sales Strategy,CRM Tools,4,3
37,Non-Travel,Research & Development,5,Medical,529,2,Female,3,2,Research Scientist,3,4449,3,Yes,3,1,80,15,2,3,13,11,1,4,Data Analysis,Python,6,5
31,Travel_Rarely,Research & Development,2,Life Sciences,530,4,Male,2,1,Laboratory Technician,1,2218,1,No,3,3,80,4,3,3,4,2,1,2,Laboratory Operations,Quality Control,3,2
39,Travel_Frequently,Research & Development,1,Life Sciences,531,2,Male,3,5,Manager,3,19197,1,Yes,3,3,80,21,3,3,21,8,2,1,People Management,Project Planning,7,6
56,Travel_Frequently,Sales,3,Life Sciences,532,3,Female,4,4,Sales Executive,1,13212,9,No,3,4,80,36,0,2,7,7,2,2,Sales Strategy,CRM Tools,7,6
30,Travel_Rarely,Sales,3,Technical Degree,533,2,Female,3,2,Sales Executive,3,6577,0,No,3,2,80,6,6,3,5,4,1,2,Sales Strategy,CRM Tools,4,3
41,Travel_Rarely,Sales,3,Marketing,534,2,Male,4,3,Sales Executive,1,8392,1,No,3,3,80,10,2,3,10,7,2,3,Sales Strategy,CRM Tools,7,6
28,Travel_Rarely,Research & Development,2,Medical,536,3,Male,3,2,Laboratory Technician,1,4558,1,No,3,4,80,10,2,3,10,0,1,3,Laboratory Operations,Quality Control,5,4
25,Travel_Rarely,Research & Development,3,Medical,538,1,Male,3,1,Laboratory Technician,1,4031,5,No,3,3,80,6,5,3,2,2,1,2,Laboratory Operations,Quality Control,4,3
52,Travel_Rarely,Research & Development,3,Medical,543,4,Male,2,3,Manufacturing Director,3,7969,2,Yes,3,3,80,28,4,3,5,4,2,1,Operations Management,Process Optimization,6,5
45,Travel_Rarely,Research & Development,2,Life Sciences,544,1,Male,3,1,Research Scientist,4,2654,3,No,4,4,80,8,3,2,2,2,1,4,Data Analysis,Python,5,4
52,Travel_Rarely,Research & Development,2,Life Sciences,546,4,Female,3,4,Manager,4,16555,2,No,3,4,80,31,2,1,5,2,2,1,People Management,Project Planning,6,5
42,Travel_Frequently,Research & Development,2,Life Sciences,547,1,Female,3,2,Research Scientist,3,4556,2,No,3,2,80,19,3,3,5,4,1,4,Data Analysis,Python,5,4
30,Travel_Rarely,Research & Development,3,Life Sciences,548,3,Female,1,2,Manufacturing Director,4,6091,2,No,4,3,80,11,2,3,5,4,1,3,Operations Management,Process Optimization,6,5
60,Travel_Rarely,Research & Development,3,Life Sciences,549,1,Female,3,5,Manager,1,19566,5,No,3,4,80,33,5,1,29,8,2,1,People Management,Project Planning,7,6
46,Travel_Rarely,Research & Development,3,Medical,550,3,Female,3,2,Manufacturing Director,3,4810,2,No,3,3,80,19,5,2,10,7,1,3,Operations Management,Process Optimization,6,5
42,Travel_Frequently,Research & Development,4,Technical Degree,551,4,Female,2,2,Healthcare Representative,4,4523,0,No,3,4,80,7,4,4,6,5,1,3,Medical Sales,Product Knowledge,5,4
24,Travel_Rarely,Sales,1,Technical Degree,554,1,Female,3,1,Sales Representative,2,3202,1,Yes,3,2,80,6,4,3,5,3,1,1,Client Acquisition,Negotiation,4,3
34,Travel_Frequently,Sales,2,Marketing,555,4,Female,1,1,Sales Representative,3,2351,0,No,3,4,80,3,3,2,2,2,0,1,Client Acquisition,Negotiation,2,1
38,Travel_Frequently,Research & Development,2,Life Sciences,556,4,Male,3,1,Laboratory Technician,4,1702,1,Yes,4,3,80,1,3,3,1,0,0,1,Laboratory Operations,Quality Control,3,2
40,Travel_Rarely,Sales,4,Life Sciences,558,3,Female,3,5,Manager,3,18041,0,No,3,4,80,21,2,3,20,15,2,1,People Management,Project Planning,7,6
26,Travel_Rarely,Research & Development,3,Life Sciences,560,1,Female,3,1,Research Scientist,4,2886,1,No,4,2,80,3,3,1,3,2,0,3,Data Analysis,Python,3,2
30,Non-Travel,Research & Development,3,Life Sciences,562,3,Male,3,1,Laboratory Technician,4,2097,4,No,3,3,80,9,3,1,5,3,1,3,Laboratory Operations,Quality Control,4,3
29,Travel_Rarely,Research & Development,4,Medical,564,2,Male,2,3,Research Director,3,11935,1,No,3,3,80,10,2,3,10,2,2,2,Research Leadership,Strategic Planning,6,5
29,Travel_Rarely,Research & Development,5,Technical Degree,565,3,Female,2,1,Research Scientist,2,2546,5,No,3,2,80,6,2,4,2,2,1,3,Data Analysis,Python,4,3
19,Travel_Rarely,Human Resources,2,Technical Degree,566,1,Male,2,1,Human Resources,4,2564,1,No,3,3,80,1,3,4,1,0,0,1,Talent Management,Employee Engagement,2,1
30,Non-Travel,Sales,4,Other,567,3,Female,3,3,Sales Executive,1,8412,0,No,3,3,80,10,3,3,9,8,2,3,Sales Strategy,CRM Tools,7,6
57,Travel_Rarely,Sales,3,Marketing,568,1,Male,2,4,Manager,4,14118,3,No,3,3,80,32,3,2,1,0,2,1,People Management,Project Planning,6,5
50,Travel_Rarely,Research & Development,4,Life Sciences,569,2,Male,2,4,Manager,3,17046,0,No,3,2,80,28,2,3,27,10,2,1,People Management,Project Planning,7,6
30,Non-Travel,Research & Development,3,Medical,571,3,Female,3,1,Laboratory Technician,4,2564,0,No,3,3,80,12,2,2,11,7,2,3,Laboratory Operations,Quality Control,7,6
60,Travel_Frequently,Sales,3,Marketing,573,3,Female,2,3,Sales Executive,1,10266,4,No,3,4,80,22,5,4,18,13,2,3,Sales Strategy,CRM Tools,7,6
47,Travel_Rarely,Research & Development,2,Medical,574,1,Female,3,2,Manufacturing Director,4,5070,5,No,3,3,80,20,2,3,5,0,1,2,Operations Management,Process Optimization,5,4
46,Travel_Rarely,Research & Development,3,Life Sciences,575,1,Male,3,4,Research Director,3,17861,6,No,3,3,80,26,2,1,3,2,2,1,Research Leadership,Strategic Planning,6,5
35,Travel_Rarely,Research & Development,3,Life Sciences,577,4,Male,1,1,Laboratory Technician,3,4230,0,No,3,3,80,6,2,3,5,4,1,2,Laboratory Operations,Quality Control,4,3
54,Travel_Rarely,Research & Development,4,Life Sciences,578,3,Female,3,2,Laboratory Technician,3,3780,7,No,3,3,80,19,3,3,1,0,1,3,Laboratory Operations,Quality Control,5,4
34,Travel_Rarely,Research & Development,4,Life Sciences,579,4,Male,2,1,Research Scientist,3,2768,3,No,3,3,80,14,3,3,7,3,2,3,Data Analysis,Python,6,5
46,Travel_Rarely,Sales,3,Marketing,580,3,Female,2,3,Sales Executive,4,9071,2,Yes,3,3,80,15,3,3,3,2,2,1,Sales Strategy,CRM Tools,6,5
31,Travel_Rarely,Research & Development,1,Life Sciences,581,3,Male,3,3,Manufacturing Director,2,10648,1,No,4,4,80,13,6,4,13,8,2,3,Operations Management,Process Optimization,8,7
33,Travel_Rarely,Research & Development,1,Medical,582,2,Male,3,3,Manager,3,13610,7,Yes,3,4,80,15,2,4,7,6,2,1,People Management,Project Planning,7,6
33,Travel_Rarely,Research & Development,1,Medical,584,1,Male,1,1,Laboratory Technician,4,3408,7,No,3,1,80,8,2,3,4,3,1,2,Laboratory Operations,Quality Control,4,3
30,Travel_Rarely,Sales,1,Marketing,585,4,Male,3,1,Sales Representative,2,2983,0,No,3,1,80,4,3,3,3,2,1,2,Client Acquisition,Negotiation,3,2
35,Travel_Rarely,Research & Development,3,Life Sciences,586,4,Male,3,3,Healthcare Representative,3,7632,4,Yes,3,3,80,10,2,3,8,7,2,2,Medical Sales,Product Knowledge,7,6
31,Travel_Frequently,Research & Development,3,Life Sciences,587,1,Male,3,3,Healthcare Representative,3,9824,3,No,3,1,80,12,2,3,1,0,2,2,Medical Sales,Product Knowledge,6,5
34,Travel_Frequently,Human Resources,3,Human Resources,590,2,Female,3,3,Human Resources,1,9950,9,Yes,3,3,80,11,2,3,3,2,2,1,Talent Management,Employee Engagement,6,5
42,Travel_Frequently,Research & Development,2,Other,591,2,Male,3,1,Laboratory Technician,3,2093,4,No,3,4,80,8,4,3,2,2,1,2,Laboratory Operations,Quality Control,4,3
36,Non-Travel,Sales,4,Medical,592,2,Male,3,3,Sales Executive,4,9980,1,No,3,4,80,10,3,2,10,3,2,2,Sales Strategy,CRM Tools,6,5
22,Travel_Frequently,Research & Development,1,Technical Degree,593,3,Male,2,1,Laboratory Technician,3,3894,5,No,3,3,80,4,3,3,2,2,1,2,Laboratory Operations,Quality Control,3,2
48,Travel_Rarely,Sales,5,Marketing,595,2,Female,3,2,Sales Executive,4,4051,2,No,3,1,80,14,2,3,9,7,1,4,Sales Strategy,CRM Tools,6,5
55,Travel_Rarely,Sales,5,Life Sciences,597,1,Female,3,4,Manager,2,16835,3,No,4,4,80,37,2,3,10,9,2,2,People Management,Project Planning,8,7
41,Non-Travel,Sales,2,Life Sciences,599,4,Male,3,2,Sales Executive,4,6230,7,No,3,4,80,16,3,3,14,3,1,3,Sales Strategy,CRM Tools,5,4
35,Travel_Rarely,Sales,3,Marketing,600,2,Male,3,2,Sales Executive,3,4717,9,No,3,3,80,15,2,3,11,9,1,4,Sales Strategy,CRM Tools,6,5
40,Travel_Rarely,Research & Development,3,Life Sciences,601,2,Female,3,4,Manufacturing Director,3,13237,7,No,3,3,80,22,3,3,20,6,2,1,Operations Management,Process Optimization,7,6
39,Travel_Frequently,Research & Development,1,Life Sciences,602,3,Female,3,1,Laboratory Technician,3,3755,1,No,3,1,80,8,3,3,8,3,1,2,Laboratory Operations,Quality Control,4,3
31,Travel_Rarely,Sales,1,Life Sciences,604,2,Male,3,2,Sales Executive,4,6582,4,Yes,3,3,80,10,2,4,6,5,1,3,Sales Strategy,CRM Tools,6,5
42,Travel_Rarely,Research & Development,3,Medical,605,4,Male,3,3,Manufacturing Director,1,7406,1,Yes,4,4,80,10,5,2,10,9,2,2,Operations Management,Process Optimization,8,7
45,Travel_Rarely,Sales,3,Other,606,4,Male,3,2,Sales Executive,2,4805,0,No,3,2,80,9,3,4,8,7,1,4,Sales Strategy,CRM Tools,5,4
26,Travel_Frequently,Human Resources,4,Life Sciences,608,2,Female,3,1,Human Resources,3,2741,0,Yes,3,2,80,8,2,2,7,7,1,2,Talent Management,Employee Engagement,5,4
29,Travel_Rarely,Research & Development,3,Technical Degree,611,4,Male,3,2,Manufacturing Director,4,4262,4,No,3,2,80,8,2,4,3,2,1,1,Operations Management,Process Optimization,4,3
33,Travel_Rarely,Research & Development,5,Medical,612,1,Female,4,4,Research Director,3,16184,4,No,3,3,80,10,2,3,6,1,2,1,Research Leadership,Strategic Planning,6,5
31,Travel_Rarely,Sales,3,Life Sciences,613,3,Male,2,3,Manager,4,11557,9,No,4,3,80,10,3,2,5,4,2,2,People Management,Project Planning,7,6
18,Travel_Frequently,Sales,3,Marketing,614,2,Male,3,1,Sales Representative,2,1878,1,Yes,3,4,80,0,3,3,0,0,0,1,Client Acquisition,Negotiation,2,1
40,Non-Travel,Sales,3,Other,615,3,Male,1,3,Sales Executive,1,10932,3,No,3,3,80,20,2,3,1,0,2,2,Sales Strategy,CRM Tools,6,5
41,Non-Travel,Research & Development,4,Other,616,1,Female,2,2,Healthcare Representative,3,6811,2,Yes,3,1,80,10,3,3,8,7,1,3,Medical Sales,Product Knowledge,6,5
26,Travel_Rarely,Sales,2,Medical,618,1,Male,3,2,Sales Executive,3,4306,5,No,3,1,80,8,5,3,0,0,1,2,Sales Strategy,CRM Tools,4,3
35,Travel_Rarely,Sales,3,Medical,620,1,Female,3,2,Sales Executive,3,4859,1,No,3,4,80,5,3,3,5,4,1,2,Sales Strategy,CRM Tools,4,3
34,Travel_Rarely,Sales,4,Life Sciences,621,4,Male,4,2,Sales Executive,4,5337,1,No,3,4,80,10,3,3,10,7,1,4,Sales Strategy,CRM Tools,6,5
26,Travel_Rarely,Research & Development,3,Technical Degree,622,3,Male,1,1,Laboratory Technician,4,2340,1,Yes,3,2,80,1,3,1,1,0,0,1,Laboratory Operations,Quality Control,2,1
37,Travel_Rarely,Research & Development,3,Technical Degree,623,2,Female,3,3,Manufacturing Director,4,7491,4,No,3,4,80,12,3,4,6,5,2,2,Operations Management,Process Optimization,7,6
46,Travel_Frequently,Research & Development,1,Medical,624,1,Female,3,3,Healthcare Representative,3,10527,5,No,3,4,80,28,3,2,2,2,2,2,Medical Sales,Product Knowledge,6,5
41,Travel_Rarely,Sales,5,Life Sciences,625,2,Female,3,4,Manager,1,16595,7,No,3,2,80,22,2,3,18,16,2,1,People Management,Project Planning,7,6
37,Non-Travel,Sales,4,Medical,626,1,Male,3,3,Sales Executive,2,8834,1,No,3,4,80,9,6,3,9,5,1,4,Sales Strategy,CRM Tools,5,4
52,Travel_Rarely,Research & Development,2,Technical Degree,630,4,Male,3,2,Research Scientist,1,5577,3,Yes,3,2,80,18,3,3,10,9,1,4,Data Analysis,Python,6,5
32,Non-Travel,Sales,4,Other,631,4,Male,4,2,Sales Executive,3,4707,8,No,3,4,80,6,2,3,4,2,1,2,Sales Strategy,CRM Tools,4,3
24,Travel_Frequently,Sales,3,Medical,632,4,Male,3,1,Sales Representative,4,2400,0,No,3,3,80,3,3,3,2,2,0,1,Client Acquisition,Negotiation,2,1
38,Travel_Rarely,Research & Development,3,Medical,634,3,Female,3,2,Healthcare Representative,3,9824,3,No,3,3,80,18,4,3,1,0,1,3,Medical Sales,Product Knowledge,5,4
37,Travel_Rarely,Research & Development,4,Life Sciences,635,2,Female,3,2,Manufacturing Director,2,6447,6,No,3,2,80,8,2,2,6,5,1,2,Operations Management,Process Optimization,5,4
49,Travel_Rarely,Research & Development,4,Life Sciences,638,4,Male,2,5,Research Director,3,19502,1,Yes,3,3,80,31,5,3,31,9,2,1,Research Leadership,Strategic Planning,7,6
24,Travel_Rarely,Research & Development,3,Medical,639,2,Male,4,1,Research Scientist,4,2725,1,Yes,3,2,80,6,3,3,6,5,1,3,Data Analysis,Python,5,4
26,Travel_Rarely,Sales,2,Marketing,641,1,Male,3,2,Sales Executive,2,6272,1,No,4,4,80,6,5,4,5,3,1,3,Sales Strategy,CRM Tools,5,4
24,Travel_Rarely,Research & Development,2,Other,643,4,Male,2,1,Laboratory Technician,2,2127,1,No,4,4,80,1,2,3,1,0,0,2,Laboratory Operations,Quality Control,3,2
50,Travel_Frequently,Human Resources,3,Medical,644,1,Male,3,5,Manager,2,18200,1,No,3,3,80,32,2,3,32,5,2,1,People Management,Project Planning,7,6
25,Travel_Rarely,Sales,1,Medical,645,2,Male,3,1,Sales Representative,3,2096,1,No,3,3,80,7,1,3,7,4,1,2,Client Acquisition,Negotiation,4,3
24,Travel_Frequently,Research & Development,3,Life Sciences,647,1,Female,3,1,Laboratory Technician,3,2886,1,Yes,3,4,80,6,4,3,6,3,1,1,Laboratory Operations,Quality Control,4,3
30,Travel_Frequently,Sales,4,Life Sciences,648,2,Male,2,1,Sales Representative,1,2033,1,No,3,3,80,1,2,4,1,0,0,1,Client Acquisition,Negotiation,2,1
34,Travel_Rarely,Research & Development,2,Life Sciences,649,2,Male,2,1,Research Scientist,4,3622,1,Yes,3,4,80,6,3,3,6,5,1,3,Data Analysis,Python,5,4
31,Travel_Rarely,Sales,4,Medical,650,2,Male,3,2,Sales Executive,1,4233,2,No,3,3,80,9,2,1,3,1,1,3,Sales Strategy,CRM Tools,4,3
35,Travel_Rarely,Research & Development,2,Other,652,1,Male,2,2,Laboratory Technician,4,3681,4,No,3,4,80,9,3,3,3,2,1,3,Laboratory Operations,Quality Control,4,3
31,Travel_Rarely,Sales,4,Medical,653,1,Male,4,2,Sales Executive,4,5460,4,No,4,4,80,13,4,4,7,7,1,4,Sales Strategy,CRM Tools,7,6
27,Travel_Rarely,Research & Development,4,Medical,655,1,Female,2,1,Research Scientist,3,2187,0,No,3,3,80,6,5,2,5,3,1,3,Data Analysis,Python,4,3
37,Travel_Rarely,Sales,3,Marketing,656,4,Male,3,2,Sales Executive,3,9602,4,Yes,3,3,80,17,3,2,3,0,1,2,Sales Strategy,CRM Tools,5,4
20,Travel_Rarely,Research & Development,3,Life Sciences,657,4,Female,2,1,Research Scientist,2,2836,1,No,3,4,80,1,0,4,1,0,0,2,Data Analysis,Python,2,1
42,Travel_Rarely,Research & Development,4,Life Sciences,659,3,Female,3,2,Healthcare Representative,4,4089,1,No,3,2,80,10,4,3,10,2,1,3,Medical Sales,Product Knowledge,5,4
43,Travel_Rarely,Research & Development,4,Other,661,2,Male,2,4,Research Director,4,16627,4,Yes,3,3,80,21,3,2,1,0,2,1,Research Leadership,Strategic Planning,6,5
38,Travel_Rarely,Research & Development,1,Life Sciences,662,3,Female,3,1,Research Scientist,1,2619,3,No,3,4,80,8,3,2,0,0,1,3,Data Analysis,Python,4,3
43,Travel_Frequently,Research & Development,5,Medical,663,4,Male,3,2,Laboratory Technician,3,5679,3,Yes,3,2,80,10,3,3,8,7,1,3,Laboratory Operations,Quality Control,6,5
48,Travel_Rarely,Research & Development,4,Life Sciences,664,4,Female,2,4,Manager,1,15402,7,No,3,1,80,21,3,1,3,2,2,1,People Management,Project Planning,6,5
44,Travel_Rarely,Human Resources,4,Life Sciences,665,1,Female,2,2,Human Resources,3,5985,4,No,3,2,80,10,1,4,2,2,1,3,Talent Management,Employee Engagement,5,4
34,Travel_Rarely,Sales,3,Technical Degree,666,3,Female,3,1,Sales Representative,3,2579,1,Yes,3,4,80,8,3,3,8,2,1,1,Client Acquisition,Negotiation,4,3
27,Travel_Rarely,Sales,1,Marketing,667,3,Male,3,1,Sales Representative,1,3041,0,No,3,2,80,5,3,3,4,3,1,2,Client Acquisition,Negotiation,4,3
21,Travel_Rarely,Sales,1,Technical Degree,669,3,Male,3,1,Sales Representative,3,3447,1,No,3,3,80,3,2,3,3,2,0,1,Client Acquisition,Negotiation,2,1
44,Travel_Rarely,Research & Development,4,Other,671,4,Male,3,5,Manager,4,19513,4,Yes,3,1,80,26,2,4,2,2,2,1,People Management,Project Planning,6,5
22,Travel_Rarely,Research & Development,1,Medical,675,1,Male,3,1,Research Scientist,3,2773,0,No,4,4,80,3,3,3,2,2,0,3,Data Analysis,Python,3,2
33,Travel_Rarely,Sales,4,Marketing,677,3,Male,3,2,Sales Executive,3,7104,0,No,3,4,80,6,3,3,5,0,1,2,Sales Strategy,CRM Tools,4,3
32,Travel_Rarely,Research & Development,4,Life Sciences,679,1,Female,3,2,Research Scientist,4,6322,1,Yes,3,4,80,6,2,2,6,4,1,2,Data Analysis,Python,4,3
30,Travel_Frequently,Research & Development,3,Medical,680,3,Female,3,1,Research Scientist,3,2083,1,No,4,3,80,1,2,3,1,0,0,3,Data Analysis,Python,3,2
53,Travel_Rarely,Sales,1,Medical,682,4,Female,3,2,Sales Executive,1,8381,7,No,4,4,80,18,2,4,14,7,1,4,Sales Strategy,CRM Tools,7,6
34,Travel_Rarely,Research & Development,5,Life Sciences,683,2,Male,3,1,Research Scientist,4,2691,1,No,3,4,80,10,4,2,10,9,2,4,Data Analysis,Python,7,6
45,Travel_Frequently,Sales,4,Life Sciences,684,1,Female,3,2,Sales Executive,1,4286,2,No,3,4,80,5,4,3,1,1,1,2,Sales Strategy,CRM Tools,4,3
26,Travel_Rarely,Research & Development,3,Life Sciences,686,3,Female,3,1,Laboratory Technician,4,2659,1,Yes,3,3,80,3,2,3,3,2,0,1,Laboratory Operations,Quality Control,2,1
37,Travel_Rarely,Research & Development,3,Other,689,3,Male,3,3,Manufacturing Director,3,9434,1,No,3,3,80,10,2,3,10,7,2,2,Operations Management,Process Optimization,7,6
29,Travel_Rarely,Sales,2,Medical,690,2,Female,3,2,Sales Executive,3,5561,1,No,3,1,80,6,5,2,6,0,1,2,Sales Strategy,CRM Tools,4,3
35,Travel_Rarely,Research & Development,4,Life Sciences,691,2,Male,1,2,Research Scientist,4,6646,1,No,3,2,80,17,3,3,17,11,1,4,Data Analysis,Python,6,5
33,Travel_Frequently,Research & Development,3,Life Sciences,692,3,Male,3,2,Healthcare Representative,4,7725,3,No,4,3,80,15,2,1,13,11,1,4,Medical Sales,Product Knowledge,7,6
54,Travel_Rarely,Human Resources,4,Medical,698,3,Male,3,3,Human Resources,2,10725,2,No,3,3,80,16,1,4,9,7,2,3,Talent Management,Employee Engagement,7,6
36,Travel_Rarely,Research & Development,2,Medical,699,2,Male,2,2,Manufacturing Director,2,8847,2,Yes,3,3,80,13,2,3,3,2,1,1,Operations Management,Process Optimization,5,4
27,Travel_Rarely,Research & Development,4,Medical,700,1,Male,2,1,Research Scientist,4,2045,0,No,3,4,80,5,0,3,4,2,1,3,Data Analysis,Python,4,3
20,Travel_Rarely,Research & Development,1,Medical,701,4,Male,3,1,Research Scientist,3,1009,1,Yes,3,4,80,1,5,3,1,0,0,1,Data Analysis,Python,2,1
33,Travel_Frequently,Research & Development,3,Life Sciences,702,1,Male,3,1,Research Scientist,1,3348,1,Yes,3,1,80,10,3,3,10,8,2,3,Data Analysis,Python,7,6
35,Non-Travel,Research & Development,3,Life Sciences,704,3,Male,2,1,Laboratory Technician,3,1281,1,No,3,3,80,1,3,3,1,0,0,1,Laboratory Operations,Quality Control,2,1
23,Travel_Rarely,Research & Development,3,Medical,705,1,Male,4,1,Research Scientist,1,2819,2,No,3,1,80,5,3,4,3,2,1,3,Data Analysis,Python,4,3
25,Travel_Rarely,Sales,3,Life Sciences,707,4,Male,4,2,Sales Executive,2,4851,0,No,4,3,80,4,4,3,3,2,1,3,Sales Strategy,CRM Tools,4,3
38,Travel_Rarely,Sales,4,Marketing,709,4,Female,2,2,Sales Executive,4,4028,0,No,4,1,80,8,2,3,7,7,1,4,Sales Strategy,CRM Tools,6,5
29,Travel_Frequently,Research & Development,4,Life Sciences,710,2,Male,1,1,Research Scientist,4,2720,1,No,3,4,80,10,5,3,10,7,2,4,Data Analysis,Python,7,6
48,Travel_Rarely,Sales,1,Marketing,712,2,Male,4,2,Sales Executive,2,8120,3,No,3,4,80,12,3,3,2,2,1,3,Sales Strategy,CRM Tools,5,4
27,Travel_Frequently,Sales,1,Medical,714,4,Female,4,2,Sales Executive,4,4647,1,Yes,4,2,80,6,3,3,6,5,1,3,Sales Strategy,CRM Tools,6,5
37,Travel_Rarely,Research & Development,2,Life Sciences,715,4,Male,4,1,Research Scientist,4,4680,3,No,3,1,80,4,2,3,1,0,1,3,Data Analysis,Python,3,2
50,Travel_Rarely,Research & Development,1,Medical,716,4,Male,4,1,Laboratory Technician,3,3221,1,Yes,3,3,80,20,3,3,20,8,2,2,Laboratory Operations,Quality Control,7,6
34,Travel_Rarely,Research & Development,3,Medical,717,4,Female,2,3,Healthcare Representative,2,8621,1,No,3,2,80,9,3,4,8,7,1,4,Medical Sales,Product Knowledge,5,4
24,Travel_Rarely,Sales,2,Life Sciences,720,1,Female,3,2,Sales Executive,3,4577,9,No,3,1,80,4,3,3,2,2,1,2,Sales Strategy,CRM Tools,3,2
39,Travel_Rarely,Research & Development,4,Technical Degree,721,4,Female,2,2,Healthcare Representative,3,4553,1,No,3,1,80,20,4,3,20,7,1,4,Medical Sales,Product Knowledge,6,5
32,Travel_Rarely,Sales,3,Marketing,722,4,Male,3,2,Sales Executive,4,5396,1,No,3,4,80,10,2,2,10,7,1,4,Sales Strategy,CRM Tools,6,5
50,Travel_Frequently,Sales,2,Technical Degree,723,2,Male,3,2,Sales Executive,3,6796,3,Yes,3,1,80,18,4,3,4,3,1,2,Sales Strategy,CRM Tools,5,4
38,Travel_Rarely,Research & Development,4,Life Sciences,724,2,Female,4,2,Healthcare Representative,4,7625,0,No,3,3,80,10,4,2,9,7,1,4,Medical Sales,Product Knowledge,6,5
27,Travel_Rarely,Research & Development,2,Life Sciences,725,3,Female,3,3,Manufacturing Director,1,7412,1,No,3,4,80,9,3,3,9,7,1,3,Operations Management,Process Optimization,5,4
32,Travel_Rarely,Research & Development,2,Life Sciences,727,3,Female,3,3,Research Director,4,11159,3,No,3,4,80,10,6,3,7,7,2,3,Research Leadership,Strategic Planning,7,6
47,Travel_Rarely,Sales,4,Marketing,728,4,Male,3,2,Sales Executive,1,4960,2,No,3,4,80,20,2,3,7,7,1,4,Sales Strategy,CRM Tools,6,5
40,Travel_Frequently,Sales,4,Life Sciences,729,4,Male,2,3,Sales Executive,1,10475,5,Yes,4,3,80,20,2,3,18,13,2,3,Sales Strategy,CRM Tools,8,7
53,Travel_Rarely,Research & Development,3,Life Sciences,730,3,Male,4,4,Research Director,3,14814,3,No,3,3,80,32,3,3,5,1,2,1,Research Leadership,Strategic Planning,6,5
41,Travel_Rarely,Human Resources,4,Human Resources,731,2,Male,2,5,Manager,4,19141,3,No,3,2,80,23,2,2,21,6,2,1,People Management,Project Planning,7,6
60,Travel_Rarely,Sales,4,Marketing,732,1,Male,3,2,Sales Executive,1,5405,8,No,3,4,80,10,1,3,2,2,1,3,Sales Strategy,CRM Tools,5,4
27,Travel_Frequently,Research & Development,2,Life Sciences,733,4,Male,3,3,Manufacturing Director,1,8793,1,No,4,3,80,9,4,2,9,7,1,4,Operations Management,Process Optimization,6,5
41,Travel_Rarely,Human Resources,3,Human Resources,734,4,Male,2,5,Manager,3,19189,1,No,3,2,80,22,3,3,22,7,2,1,People Management,Project Planning,7,6
50,Travel_Rarely,Sales,4,Marketing,738,4,Male,3,1,Sales Representative,2,3875,7,No,3,4,80,4,2,3,2,2,1,2,Client Acquisition,Negotiation,3,2
28,Travel_Rarely,Research & Development,2,Life Sciences,741,1,Female,1,1,Research Scientist,2,2216,7,Yes,3,4,80,10,4,3,7,7,2,3,Data Analysis,Python,7,6
36,Non-Travel,Research & Development,3,Life Sciences,742,1,Female,4,3,Research Director,1,11713,9,No,3,1,80,10,2,3,8,7,2,3,Research Leadership,Strategic Planning,7,6
38,Travel_Rarely,Research & Development,3,Life Sciences,743,3,Female,3,3,Manufacturing Director,3,7861,4,Yes,3,4,80,10,4,4,1,0,2,1,Operations Management,Process Optimization,6,5
44,Non-Travel,Research & Development,3,Medical,744,1,Male,1,1,Laboratory Technician,3,3708,2,No,3,3,80,9,5,3,5,2,1,3,Laboratory Operations,Quality Control,4,3
47,Travel_Frequently,Sales,3,Medical,746,4,Female,3,4,Sales Executive,3,13770,9,Yes,3,4,80,28,2,2,22,2,2,1,Sales Strategy,CRM Tools,6,5
30,Travel_Rarely,Sales,5,Marketing,747,3,Male,3,2,Sales Executive,4,5304,7,No,4,4,80,10,2,2,8,7,1,4,Sales Strategy,CRM Tools,7,6
29,Travel_Rarely,Sales,3,Life Sciences,749,3,Male,3,1,Sales Representative,3,2642,1,No,3,3,80,1,6,3,1,0,0,1,Client Acquisition,Negotiation,2,1
42,Travel_Frequently,Research & Development,3,Medical,752,3,Male,4,1,Research Scientist,3,2759,6,Yes,3,4,80,7,2,3,2,2,1,2,Data Analysis,Python,4,3
43,Travel_Frequently,Sales,3,Life Sciences,754,4,Male,2,2,Sales Executive,4,6804,3,No,3,3,80,7,5,3,2,2,1,2,Sales Strategy,CRM Tools,4,3
34,Travel_Rarely,Research & Development,2,Medical,757,2,Female,3,2,Healthcare Representative,3,6142,3,No,3,4,80,10,2,3,5,1,1,3,Medical Sales,Product Knowledge,5,4
23,Travel_Rarely,Research & Development,1,Medical,758,2,Male,3,1,Laboratory Technician,1,2500,1,No,3,4,80,5,2,4,4,3,1,2,Laboratory Operations,Quality Control,4,3
39,Travel_Rarely,Human Resources,3,Human Resources,760,3,Female,4,2,Human Resources,2,6389,9,No,3,3,80,12,3,1,8,3,1,3,Talent Management,Employee Engagement,5,4
56,Travel_Rarely,Research & Development,3,Medical,762,3,Male,3,4,Healthcare Representative,4,11103,7,No,3,3,80,30,1,2,10,7,2,2,Medical Sales,Product Knowledge,7,6
40,Travel_Rarely,Research & Development,1,Medical,763,4,Female,2,1,Research Scientist,4,2342,0,Yes,4,4,80,5,2,2,4,2,1,3,Data Analysis,Python,5,4
27,Travel_Rarely,Research & Development,3,Medical,764,4,Female,2,2,Healthcare Representative,1,6811,8,No,3,1,80,9,2,1,7,6,1,4,Medical Sales,Product Knowledge,5,4
29,Travel_Rarely,Sales,3,Marketing,766,4,Male,3,1,Sales Representative,2,2297,1,No,3,4,80,2,2,3,2,2,0,1,Client Acquisition,Negotiation,2,1
53,Travel_Rarely,Research & Development,3,Life Sciences,769,4,Male,3,2,Laboratory Technician,4,2450,2,No,3,4,80,19,4,3,2,2,1,3,Laboratory Operations,Quality Control,5,4
35,Non-Travel,Research & Development,4,Life Sciences,771,4,Female,3,2,Healthcare Representative,1,5093,2,No,3,1,80,16,2,4,1,0,1,3,Medical Sales,Product Knowledge,5,4
32,Travel_Frequently,Research & Development,4,Life Sciences,772,1,Male,3,2,Laboratory Technician,4,5309,1,No,3,4,80,10,2,3,10,8,1,4,Laboratory Operations,Quality Control,6,5
38,Travel_Rarely,Research & Development,5,Medical,773,4,Male,3,1,Research Scientist,3,3057,6,Yes,3,2,80,6,0,1,1,0,1,2,Data Analysis,Python,4,3
34,Travel_Rarely,Research & Development,5,Life Sciences,775,2,Female,3,2,Manufacturing Director,1,5121,3,No,3,3,80,7,3,3,0,0,1,1,Operations Management,Process Optimization,4,3
52,Travel_Rarely,Sales,4,Marketing,776,3,Male,2,4,Manager,1,16856,1,No,3,1,80,34,3,4,34,6,2,1,People Management,Project Planning,7,6
33,Travel_Rarely,Research & Development,4,Other,780,4,Male,3,1,Research Scientist,4,2686,1,Yes,3,3,80,10,2,2,10,9,2,3,Data Analysis,Python,7,6
25,Travel_Rarely,Sales,1,Medical,781,3,Female,3,2,Sales Executive,4,6180,1,No,4,2,80,6,5,2,6,5,1,4,Sales Strategy,CRM Tools,6,5
45,Travel_Rarely,Sales,2,Technical Degree,783,2,Male,1,2,Sales Representative,3,6632,0,No,3,1,80,9,3,3,8,7,1,4,Client Acquisition,Negotiation,5,4
23,Travel_Rarely,Research & Development,1,Medical,784,1,Male,4,1,Research Scientist,3,3505,1,No,3,4,80,2,3,3,2,2,0,2,Data Analysis,Python,2,1
47,Travel_Frequently,Sales,2,Life Sciences,785,2,Female,4,2,Sales Executive,3,6397,4,Yes,3,4,80,8,2,3,5,4,1,1,Sales Strategy,CRM Tools,4,3
34,Travel_Rarely,Sales,3,Other,786,4,Male,3,2,Sales Executive,4,6274,1,No,4,3,80,6,5,3,6,5,1,4,Sales Strategy,CRM Tools,6,5
55,Travel_Rarely,Research & Development,3,Medical,787,4,Male,3,5,Manager,1,19859,5,Yes,3,4,80,24,2,3,5,2,2,1,People Management,Project Planning,6,5
36,Non-Travel,Sales,4,Life Sciences,789,1,Male,2,3,Sales Executive,1,7587,1,No,3,2,80,10,1,3,10,7,2,3,Sales Strategy,CRM Tools,7,6
52,Non-Travel,Research & Development,4,Medical,791,4,Male,3,1,Research Scientist,4,4258,0,No,3,1,80,5,3,3,4,3,1,3,Data Analysis,Python,4,3
26,Travel_Frequently,Research & Development,2,Life Sciences,792,1,Female,1,1,Laboratory Technician,4,4364,3,No,3,1,80,5,2,3,2,2,1,2,Laboratory Operations,Quality Control,4,3
29,Travel_Rarely,Research & Development,3,Medical,793,2,Female,3,2,Healthcare Representative,3,4335,4,No,3,1,80,11,3,2,8,7,1,4,Medical Sales,Product Knowledge,6,5
26,Travel_Rarely,Sales,3,Technical Degree,796,4,Male,2,2,Sales Executive,1,5326,6,No,3,3,80,6,2,2,4,3,1,2,Sales Strategy,CRM Tools,4,3
34,Travel_Rarely,Research & Development,4,Life Sciences,797,2,Female,4,1,Research Scientist,4,3280,2,No,3,3,80,10,2,3,4,2,2,3,Data Analysis,Python,6,5
54,Travel_Rarely,Research & Development,4,Medical,799,4,Female,3,2,Manufacturing Director,1,5485,9,Yes,3,2,80,9,4,3,5,3,1,1,Operations Management,Process Optimization,4,3
27,Travel_Frequently,Sales,1,Marketing,800,3,Male,3,2,Sales Executive,4,4342,0,No,3,2,80,5,3,3,4,2,1,2,Sales Strategy,CRM Tools,4,3
37,Travel_Rarely,Research & Development,1,Life Sciences,802,4,Female,3,1,Research Scientist,1,2782,0,Yes,3,2,80,6,3,2,5,3,1,2,Data Analysis,Python,4,3
38,Travel_Frequently,Research & Development,4,Life Sciences,803,1,Female,4,2,Manufacturing Director,1,5980,6,Yes,3,4,80,17,2,3,15,7,1,2,Operations Management,Process Optimization,6,5
34,Travel_Rarely,Research & Development,4,Medical,804,3,Female,2,1,Research Scientist,1,4381,1,No,3,3,80,6,3,3,6,5,1,4,Data Analysis,Python,5,4
35,Travel_Rarely,Sales,4,Life Sciences,805,1,Female,3,1,Sales Representative,4,2572,1,No,3,2,80,3,1,2,3,2,0,1,Client Acquisition,Negotiation,2,1
30,Travel_Rarely,Research & Development,3,Life Sciences,806,4,Male,1,1,Laboratory Technician,3,3833,3,No,4,3,80,7,2,3,2,2,1,3,Laboratory Operations,Quality Control,5,4
40,Travel_Frequently,Research & Development,2,Medical,807,3,Female,4,2,Healthcare Representative,2,4244,1,No,4,4,80,8,2,3,8,7,1,4,Medical Sales,Product Knowledge,6,5
34,Travel_Rarely,Sales,2,Life Sciences,808,3,Female,3,2,Sales Executive,1,6500,5,No,3,2,80,6,1,3,3,2,1,2,Sales Strategy,CRM Tools,4,3
42,Travel_Frequently,Research & Development,3,Life Sciences,809,2,Male,3,5,Manager,4,18430,1,No,3,2,80,24,4,2,24,7,2,1,People Management,Project Planning,7,6
23,Travel_Rarely,Research & Development,3,Life Sciences,811,3,Male,4,1,Laboratory Technician,1,1601,1,Yes,4,3,80,1,2,3,0,0,0,1,Laboratory Operations,Quality Control,3,2
24,Non-Travel,Research & Development,3,Life Sciences,812,3,Male,2,1,Laboratory Technician,2,2694,1,No,3,3,80,1,4,3,1,0,0,1,Laboratory Operations,Quality Control,2,1
52,Travel_Rarely,Research & Development,4,Life Sciences,813,4,Female,3,2,Laboratory Technician,3,3149,8,No,4,2,80,9,3,3,5,2,1,4,Laboratory Operations,Quality Control,5,4
50,Travel_Rarely,Research & Development,3,Medical,815,3,Male,3,4,Research Director,3,17639,5,No,3,4,80,30,3,3,4,3,2,1,Research Leadership,Strategic Planning,6,5
29,Travel_Rarely,Research & Development,2,Life Sciences,816,2,Female,2,1,Laboratory Technician,1,2319,1,Yes,3,4,80,1,1,3,1,0,0,1,Laboratory Operations,Quality Control,2,1
33,Travel_Rarely,Research & Development,3,Medical,817,3,Male,3,3,Research Director,3,11691,0,No,3,4,80,14,3,4,13,9,2,3,Research Leadership,Strategic Planning,7,6
33,Travel_Rarely,Sales,3,Marketing,819,1,Female,3,2,Sales Executive,1,5324,5,No,3,3,80,6,3,3,3,2,1,2,Sales Strategy,CRM Tools,4,3
47,Travel_Rarely,Research & Development,2,Other,820,3,Female,3,4,Manager,4,16752,1,Yes,3,3,80,26,3,2,26,14,2,1,People Management,Project Planning,7,6
36,Travel_Rarely,Research & Development,3,Other,823,3,Female,3,2,Manufacturing Director,2,5228,0,No,3,1,80,10,2,3,9,7,1,3,Operations Management,Process Optimization,6,5
29,Travel_Rarely,Research & Development,2,Life Sciences,824,3,Male,4,1,Research Scientist,3,2700,1,No,4,3,80,10,3,3,10,7,2,4,Data Analysis,Python,8,7
58,Travel_Rarely,Research & Development,4,Life Sciences,825,4,Male,3,5,Research Director,2,19246,7,Yes,3,4,80,40,2,3,31,15,2,1,Research Leadership,Strategic Planning,7,6
35,Travel_Rarely,Research & Development,4,Life Sciences,826,4,Female,4,1,Research Scientist,3,2506,3,No,3,3,80,7,0,3,2,2,1,3,Data Analysis,Python,4,3
42,Travel_Rarely,Research & Development,2,Life Sciences,827,4,Female,2,2,Manufacturing Director,4,6062,9,Yes,3,4,80,8,4,3,4,3,1,1,Operations Management,Process Optimization,4,3
28,Travel_Rarely,Research & Development,4,Medical,828,3,Male,3,1,Research Scientist,3,4382,6,No,3,4,80,5,3,2,2,2,1,3,Data Analysis,Python,4,3
36,Travel_Rarely,Human Resources,3,Human Resources,829,3,Male,3,1,Human Resources,2,2143,4,No,3,2,80,8,2,3,5,2,1,2,Talent Management,Employee Engagement,4,3
32,Travel_Rarely,Research & Development,3,Life Sciences,830,3,Female,2,2,Manufacturing Director,3,6162,1,No,3,3,80,14,3,3,14,13,1,3,Operations Management,Process Optimization,6,5
40,Travel_Frequently,Research & Development,4,Medical,832,1,Male,2,2,Laboratory Technician,3,5094,6,No,3,4,80,10,6,3,1,0,1,3,Laboratory Operations,Quality Control,5,4
30,Travel_Rarely,Research & Development,3,Medical,833,3,Female,2,2,Manufacturing Director,4,6877,5,Yes,4,2,80,12,4,2,0,0,1,2,Operations Management,Process Optimization,6,5
45,Travel_Rarely,Research & Development,3,Life Sciences,834,2,Female,2,1,Research Scientist,3,2274,1,No,3,4,80,1,3,3,1,0,0,2,Data Analysis,Python,2,1
42,Travel_Rarely,Research & Development,3,Life Sciences,836,2,Male,3,2,Manufacturing Director,2,4434,1,No,3,4,80,10,3,2,9,8,1,3,Operations Management,Process Optimization,6,5
38,Travel_Frequently,Research & Development,3,Life Sciences,837,1,Male,2,2,Healthcare Representative,1,6288,2,No,3,3,80,13,3,2,4,3,1,3,Medical Sales,Product Knowledge,5,4
34,Travel_Frequently,Research & Development,4,Life Sciences,838,3,Female,2,1,Research Scientist,4,2553,1,No,3,3,80,6,3,3,5,2,1,3,Data Analysis,Python,4,3
49,Travel_Rarely,Sales,3,Marketing,840,3,Female,3,3,Sales Executive,4,7654,1,No,3,1,80,9,3,4,9,8,1,4,Sales Strategy,CRM Tools,5,4
55,Travel_Rarely,Sales,1,Medical,842,3,Male,3,2,Sales Executive,4,5160,4,No,3,3,80,12,3,2,9,7,1,4,Sales Strategy,CRM Tools,6,5
43,Travel_Rarely,Research & Development,2,Life Sciences,843,2,Male,3,4,Research Director,1,17159,6,No,4,3,80,22,3,3,4,1,2,2,Research Leadership,Strategic Planning,7,6
27,Travel_Rarely,Research & Development,1,Technical Degree,844,3,Male,2,3,Research Director,4,12808,1,Yes,3,2,80,9,3,3,9,8,1,3,Research Leadership,Strategic Planning,5,4
35,Travel_Rarely,Research & Development,3,Other,845,3,Male,3,3,Manufacturing Director,3,10221,3,No,4,2,80,17,3,4,8,5,2,3,Operations Management,Process Optimization,8,7
28,Travel_Rarely,Sales,4,Marketing,846,2,Female,3,2,Sales Executive,2,4779,1,Yes,4,1,80,8,2,3,8,7,1,3,Sales Strategy,CRM Tools,6,5
34,Travel_Rarely,Human Resources,2,Human Resources,847,3,Male,3,1,Human Resources,4,3737,0,No,3,3,80,4,1,1,3,2,1,2,Talent Management,Employee Engagement,3,2
26,Travel_Frequently,Research & Development,2,Medical,848,3,Female,2,1,Research Scientist,3,2366,1,Yes,3,1,80,8,2,3,8,7,1,3,Data Analysis,Python,5,4
27,Non-Travel,Research & Development,3,Medical,850,4,Male,3,1,Research Scientist,4,1706,1,No,3,3,80,0,6,2,0,0,0,2,Data Analysis,Python,2,1
51,Travel_Rarely,Sales,4,Marketing,851,1,Female,3,4,Manager,3,16307,2,No,3,3,80,29,2,2,20,6,2,1,People Management,Project Planning,7,6
44,Travel_Rarely,Research & Development,3,Medical,852,4,Male,3,2,Healthcare Representative,2,5933,9,No,3,4,80,10,2,2,5,2,1,3,Medical Sales,Product Knowledge,5,4
25,Travel_Rarely,Research & Development,1,Medical,854,1,Male,4,1,Research Scientist,1,3424,7,No,3,3,80,6,3,2,4,3,1,3,Data Analysis,Python,4,3
33,Travel_Rarely,Sales,3,Medical,855,1,Male,4,2,Sales Executive,1,4037,1,No,4,1,80,9,5,3,9,8,1,4,Sales Strategy,CRM Tools,6,5
35,Travel_Rarely,Research & Development,1,Medical,856,3,Female,2,1,Research Scientist,1,2559,1,No,3,4,80,6,3,2,6,5,1,4,Data Analysis,Python,5,4
36,Travel_Rarely,Sales,2,Life Sciences,857,2,Male,3,2,Sales Executive,4,6201,1,Yes,3,4,80,18,1,2,18,14,1,3,Sales Strategy,CRM Tools,6,5
32,Travel_Rarely,Sales,4,Life Sciences,859,2,Male,3,2,Sales Executive,4,4403,2,No,3,3,80,8,3,2,5,2,1,2,Sales Strategy,CRM Tools,4,3
30,Travel_Frequently,Research & Development,4,Life Sciences,861,2,Male,2,1,Research Scientist,4,3761,9,No,3,2,80,10,3,2,5,4,2,3,Data Analysis,Python,6,5
53,Travel_Rarely,Sales,2,Marketing,862,1,Female,2,3,Sales Executive,4,10934,7,Yes,3,4,80,35,3,3,5,2,2,1,Sales Strategy,CRM Tools,6,5
45,Travel_Rarely,Sales,3,Marketing,864,4,Male,3,3,Sales Executive,1,10761,4,Yes,3,3,80,18,2,3,5,4,2,1,Sales Strategy,CRM Tools,6,5
32,Travel_Rarely,Research & Development,2,Medical,865,3,Female,4,2,Research Scientist,3,5175,5,No,3,3,80,9,3,2,5,3,1,4,Data Analysis,Python,4,3
52,Travel_Frequently,Research & Development,4,Medical,867,3,Female,2,4,Manufacturing Director,4,13826,3,No,4,3,80,31,3,3,9,8,2,2,Operations Management,Process Optimization,8,7
37,Travel_Rarely,Sales,4,Marketing,868,4,Male,2,2,Sales Executive,3,6334,4,No,3,4,80,9,2,3,1,0,1,3,Sales Strategy,CRM Tools,4,3
28,Travel_Rarely,Human Resources,2,Medical,869,2,Male,2,1,Human Resources,4,4936,1,No,3,4,80,6,6,3,5,1,1,2,Talent Management,Employee Engagement,4,3
22,Travel_Rarely,Research & Development,2,Life Sciences,872,4,Male,2,2,Manufacturing Director,4,4775,6,No,4,1,80,4,2,1,2,2,1,2,Operations Management,Process Optimization,4,3
44,Travel_Rarely,Research & Development,4,Life Sciences,874,1,Male,4,1,Laboratory Technician,4,2818,2,Yes,4,3,80,10,2,2,3,2,2,2,Laboratory Operations,Quality Control,7,6
42,Travel_Frequently,Research & Development,1,Medical,875,2,Male,3,1,Research Scientist,4,2515,5,Yes,3,4,80,8,2,3,2,1,1,2,Data Analysis,Python,4,3
36,Travel_Rarely,Human Resources,3,Life Sciences,878,1,Male,2,1,Human Resources,1,2342,0,No,4,3,80,6,3,3,5,4,1,3,Talent Management,Employee Engagement,5,4
25,Travel_Rarely,Sales,1,Other,879,3,Male,3,2,Sales Executive,1,4194,1,Yes,3,4,80,5,3,3,5,3,1,1,Sales Strategy,CRM Tools,4,3
35,Travel_Rarely,Research & Development,3,Life Sciences,880,4,Female,2,3,Manufacturing Director,3,10685,1,Yes,4,2,80,17,2,3,17,14,2,2,Operations Management,Process Optimization,8,7
35,Travel_Frequently,Research & Development,4,Life Sciences,881,4,Female,3,1,Research Scientist,2,2022,1,Yes,3,1,80,10,3,2,10,2,2,2,Data Analysis,Python,6,5
32,Non-Travel,Research & Development,3,Life Sciences,882,4,Male,3,1,Laboratory Technician,4,2314,0,No,3,2,80,4,2,3,3,0,1,2,Laboratory Operations,Quality Control,3,2
25,Travel_Rarely,Sales,1,Marketing,885,3,Male,2,2,Sales Executive,1,4256,1,No,3,1,80,5,1,4,5,2,1,2,Sales Strategy,CRM Tools,4,3
49,Travel_Rarely,Research & Development,3,Technical Degree,887,3,Female,3,1,Research Scientist,1,3580,2,No,3,2,80,7,2,3,4,2,1,3,Data Analysis,Python,4,3
24,Non-Travel,Research & Development,1,Life Sciences,888,1,Male,2,1,Laboratory Technician,4,3162,0,No,3,4,80,6,2,2,5,2,1,2,Laboratory Operations,Quality Control,4,3
32,Travel_Frequently,Sales,2,Life Sciences,889,2,Male,3,2,Sales Executive,2,6524,1,No,3,4,80,10,3,3,10,8,1,4,Sales Strategy,CRM Tools,6,5
38,Travel_Rarely,Sales,3,Marketing,893,2,Male,2,1,Sales Representative,2,2899,0,No,3,4,80,3,3,3,2,2,0,1,Client Acquisition,Negotiation,2,1
42,Travel_Rarely,Research & Development,3,Life Sciences,894,3,Female,4,2,Laboratory Technician,4,5231,2,Yes,3,2,80,17,1,2,5,3,1,2,Laboratory Operations,Quality Control,5,4
31,Travel_Rarely,Research & Development,4,Life Sciences,895,4,Male,3,1,Research Scientist,4,2356,3,Yes,3,2,80,8,2,3,6,4,1,2,Data Analysis,Python,4,3
29,Travel_Rarely,Sales,3,Medical,896,2,Female,2,1,Sales Representative,3,2800,6,Yes,3,3,80,5,3,3,3,2,1,1,Client Acquisition,Negotiation,4,3
53,Travel_Rarely,Sales,3,Marketing,897,1,Male,3,4,Sales Executive,4,11836,5,No,3,3,80,28,3,3,2,0,2,1,Sales Strategy,CRM Tools,6,5
35,Travel_Rarely,Research & Development,3,Technical Degree,899,4,Male,2,3,Manufacturing Director,2,10903,3,No,3,1,80,16,2,3,13,10,2,2,Operations Management,Process Optimization,7,6
37,Travel_Frequently,Sales,2,Medical,900,3,Female,3,1,Sales Representative,4,2973,5,No,3,2,80,10,3,3,5,4,2,2,Client Acquisition,Negotiation,6,5
53,Travel_Rarely,Research & Development,4,Life Sciences,901,4,Female,3,4,Research Director,4,14275,6,No,3,3,80,33,0,3,12,9,2,2,Research Leadership,Strategic Planning,7,6
43,Travel_Frequently,Research & Development,3,Life Sciences,902,4,Female,3,2,Healthcare Representative,4,5562,4,No,3,2,80,12,2,2,5,2,1,3,Medical Sales,Product Knowledge,5,4
47,Travel_Rarely,Sales,2,Marketing,903,3,Female,3,2,Sales Executive,4,4537,0,Yes,4,1,80,8,2,3,7,6,1,3,Sales Strategy,CRM Tools,6,5
37,Non-Travel,Sales,2,Medical,904,1,Male,3,3,Sales Executive,2,7642,1,Yes,3,4,80,10,2,3,10,0,2,1,Sales Strategy,CRM Tools,6,5
50,Non-Travel,Research & Development,4,Life Sciences,905,1,Male,3,4,Manager,1,17924,1,No,3,4,80,31,3,3,31,6,2,1,People Management,Project Planning,7,6
39,Travel_Rarely,Human Resources,3,Life Sciences,909,4,Female,2,2,Human Resources,4,5204,8,No,3,3,80,13,2,3,5,4,1,3,Talent Management,Employee Engagement,5,4
33,Travel_Rarely,Human Resources,2,Human Resources,910,4,Male,3,1,Human Resources,2,2277,3,Yes,3,3,80,7,4,4,4,3,1,1,Talent Management,Employee Engagement,4,3
32,Travel_Rarely,Research & Development,4,Life Sciences,911,1,Male,3,1,Laboratory Technician,4,2795,1,Yes,4,3,80,1,2,1,1,0,0,1,Laboratory Operations,Quality Control,3,2
29,Travel_Rarely,Research & Development,1,Medical,912,1,Female,2,1,Laboratory Technician,4,2532,6,No,3,3,80,8,5,3,4,3,1,2,Laboratory Operations,Quality Control,4,3
44,Travel_Rarely,Research & Development,2,Life Sciences,913,2,Male,3,1,Research Scientist,1,2559,1,Yes,3,4,80,8,0,3,8,7,1,3,Data Analysis,Python,5,4
28,Travel_Rarely,Sales,4,Medical,916,1,Male,3,2,Sales Executive,4,4908,1,No,3,2,80,4,3,3,4,2,1,2,Sales Strategy,CRM Tools,3,2
58,Travel_Frequently,Research & Development,1,Life Sciences,918,4,Male,2,1,Laboratory Technician,4,2380,9,Yes,3,4,80,3,3,2,1,0,0,1,Laboratory Operations,Quality Control,2,1
43,Travel_Rarely,Research & Development,3,Life Sciences,920,1,Female,3,2,Manufacturing Director,2,4765,4,No,4,3,80,4,2,4,1,0,1,2,Operations Management,Process Optimization,4,3
20,Travel_Rarely,Sales,3,Medical,922,3,Female,2,1,Sales Representative,3,2044,1,No,3,4,80,2,3,2,2,2,0,1,Client Acquisition,Negotiation,2,1
21,Travel_Rarely,Research & Development,1,Other,923,4,Female,3,1,Research Scientist,4,2693,1,No,3,1,80,1,3,2,1,0,0,2,Data Analysis,Python,2,1
36,Travel_Rarely,Research & Development,1,Life Sciences,924,3,Male,3,2,Healthcare Representative,4,6586,0,Yes,3,1,80,17,2,2,16,8,1,3,Medical Sales,Product Knowledge,6,5
47,Travel_Rarely,Sales,4,Life Sciences,925,4,Female,2,1,Sales Representative,4,3294,1,Yes,3,1,80,3,3,2,3,2,0,1,Client Acquisition,Negotiation,2,1
22,Travel_Rarely,Research & Development,1,Life Sciences,926,2,Female,3,2,Manufacturing Director,3,4171,0,Yes,3,1,80,4,3,4,3,2,1,1,Operations Management,Process Optimization,3,2
41,Travel_Rarely,Research & Development,4,Life Sciences,927,2,Female,1,1,Laboratory Technician,4,2778,4,Yes,3,3,80,10,1,2,7,7,2,2,Laboratory Operations,Quality Control,7,6
28,Travel_Rarely,Research & Development,3,Medical,930,3,Female,3,1,Research Scientist,3,2377,5,No,3,2,80,6,2,3,2,2,1,3,Data Analysis,Python,4,3
39,Travel_Rarely,Research & Development,3,Medical,932,4,Male,3,1,Laboratory Technician,1,2404,7,Yes,4,4,80,8,2,1,2,2,1,2,Laboratory Operations,Quality Control,5,4
27,Travel_Rarely,Research & Development,3,Life Sciences,933,2,Female,3,1,Research Scientist,3,2318,1,No,3,3,80,1,2,3,1,1,0,2,Data Analysis,Python,2,1
34,Travel_Rarely,Research & Development,3,Life Sciences,934,2,Male,3,1,Laboratory Technician,2,2008,1,No,3,2,80,1,3,3,1,0,0,1,Laboratory Operations,Quality Control,2,1
42,Travel_Rarely,Sales,2,Medical,936,3,Female,2,2,Sales Executive,3,6244,7,No,3,1,80,10,6,3,5,4,1,3,Sales Strategy,CRM Tools,5,4
33,Travel_Rarely,Research & Development,4,Other,939,3,Male,2,1,Research Scientist,1,2799,3,Yes,3,2,80,6,1,3,3,2,1,2,Data Analysis,Python,4,3
58,Travel_Rarely,Research & Development,3,Technical Degree,940,3,Female,2,3,Healthcare Representative,2,10552,2,Yes,3,4,80,24,3,3,6,0,2,1,Medical Sales,Product Knowledge,6,5
31,Travel_Rarely,Sales,4,Life Sciences,941,2,Male,2,1,Sales Representative,3,2329,3,No,3,2,80,13,2,4,7,7,2,3,Client Acquisition,Negotiation,7,6
35,Travel_Rarely,Research & Development,1,Life Sciences,942,4,Female,3,2,Healthcare Representative,4,4014,1,Yes,4,4,80,10,2,1,10,6,1,4,Medical Sales,Product Knowledge,7,6
49,Travel_Rarely,Research & Development,2,Other,944,1,Female,3,3,Laboratory Technician,2,7403,4,No,3,3,80,29,3,2,26,9,2,3,Laboratory Operations,Quality Control,7,6
48,Travel_Rarely,Research & Development,4,Medical,945,4,Male,3,1,Research Scientist,3,2259,4,No,3,1,80,13,2,2,0,0,2,3,Data Analysis,Python,6,5
31,Non-Travel,Sales,2,Marketing,947,4,Female,3,2,Sales Executive,3,6932,1,No,3,4,80,9,2,2,9,8,1,4,Sales Strategy,CRM Tools,5,4
36,Travel_Rarely,Research & Development,4,Other,949,2,Male,3,1,Research Scientist,4,4678,2,No,3,3,80,8,6,3,6,2,1,3,Data Analysis,Python,4,3
38,Travel_Rarely,Research & Development,3,Technical Degree,950,4,Female,3,3,Research Director,1,13582,1,No,3,2,80,15,3,3,15,12,2,3,Research Leadership,Strategic Planning,7,6
32,Non-Travel,Research & Development,3,Life Sciences,951,3,Female,2,1,Laboratory Technician,2,2332,6,No,4,3,80,5,3,3,3,0,1,3,Laboratory Operations,Quality Control,5,4
25,Travel_Rarely,Sales,2,Marketing,952,3,Male,2,1,Sales Representative,2,2413,1,Yes,3,3,80,1,2,3,1,0,0,1,Client Acquisition,Negotiation,2,1
40,Travel_Rarely,Sales,4,Marketing,954,1,Male,2,3,Sales Executive,2,9705,2,No,3,2,80,11,2,2,1,0,2,2,Sales Strategy,CRM Tools,6,5
26,Travel_Frequently,Sales,3,Medical,956,3,Male,2,2,Sales Executive,1,4294,1,No,3,2,80,7,2,3,7,7,1,3,Sales Strategy,CRM Tools,5,4
41,Travel_Rarely,Research & Development,3,Medical,957,4,Male,3,1,Laboratory Technician,1,4721,2,Yes,3,3,80,20,3,3,18,13,2,2,Laboratory Operations,Quality Control,7,6
36,Travel_Rarely,Research & Development,4,Medical,958,3,Male,3,1,Laboratory Technician,3,2519,4,No,4,3,80,16,6,3,11,8,2,4,Laboratory Operations,Quality Control,8,7
19,Travel_Rarely,Sales,3,Other,959,4,Male,2,1,Sales Representative,2,2121,1,Yes,3,2,80,1,3,4,1,0,0,1,Client Acquisition,Negotiation,2,1
20,Travel_Rarely,Research & Development,3,Technical Degree,960,1,Male,3,1,Laboratory Technician,1,2973,1,No,3,2,80,1,2,3,1,0,0,1,Laboratory Operations,Quality Control,2,1
31,Travel_Rarely,Research & Development,3,Medical,961,4,Female,3,2,Healthcare Representative,4,5855,0,Yes,3,3,80,10,2,1,9,7,1,3,Medical Sales,Product Knowledge,6,5
40,Travel_Frequently,Research & Development,4,Medical,964,4,Male,3,1,Research Scientist,2,3617,8,Yes,3,4,80,3,2,3,1,1,0,1,Data Analysis,Python,2,1
32,Travel_Rarely,Research & Development,4,Medical,966,3,Female,3,2,Manufacturing Director,1,6725,1,No,3,3,80,8,2,4,8,7,1,2,Operations Management,Process Optimization,5,4
36,Travel_Rarely,Sales,1,Life Sciences,967,3,Male,2,3,Sales Executive,4,10325,1,Yes,3,1,80,16,6,3,16,7,2,2,Sales Strategy,CRM Tools,7,6
33,Travel_Rarely,Research & Development,3,Life Sciences,969,2,Female,2,2,Healthcare Representative,4,6949,0,No,3,1,80,6,3,3,5,0,1,2,Medical Sales,Product Knowledge,4,3
37,Travel_Rarely,Sales,4,Life Sciences,970,1,Male,2,3,Sales Executive,3,10609,5,No,3,3,80,17,2,1,14,1,2,2,Sales Strategy,CRM Tools,6,5
45,Non-Travel,Research & Development,2,Life Sciences,972,3,Male,3,2,Laboratory Technician,2,4447,1,No,3,2,80,9,5,2,9,7,1,4,Laboratory Operations,Quality Control,5,4
29,Travel_Frequently,Sales,3,Technical Degree,974,3,Female,3,1,Sales Representative,4,2157,1,No,3,2,80,3,5,3,3,1,0,1,Client Acquisition,Negotiation,2,1
35,Travel_Rarely,Sales,3,Medical,975,3,Female,3,2,Sales Executive,3,4601,1,No,3,2,80,5,3,3,5,2,1,2,Sales Strategy,CRM Tools,4,3
52,Travel_Rarely,Research & Development,2,Life Sciences,976,4,Male,3,4,Manager,4,17099,2,No,3,2,80,26,2,2,9,8,2,1,People Management,Project Planning,7,6
58,Travel_Rarely,Research & Development,3,Technical Degree,977,4,Male,3,1,Research Scientist,3,2479,4,No,4,1,80,7,4,3,1,0,1,4,Data Analysis,Python,5,4
53,Travel_Rarely,Sales,2,Medical,981,3,Male,3,4,Manager,3,14852,6,No,3,3,80,22,3,4,17,13,2,1,People Management,Project Planning,7,6
30,Travel_Rarely,Sales,2,Other,982,3,Male,3,3,Sales Executive,3,7264,5,No,3,1,80,10,2,4,8,4,2,2,Sales Strategy,CRM Tools,6,5
38,Non-Travel,Sales,3,Technical Degree,983,3,Female,3,2,Sales Executive,4,5666,1,Yes,3,2,80,6,1,3,5,3,1,1,Sales Strategy,CRM Tools,4,3
35,Travel_Rarely,Sales,4,Life Sciences,984,4,Male,3,3,Sales Executive,4,7823,6,No,3,2,80,12,2,3,10,9,2,3,Sales Strategy,CRM Tools,7,6
39,Travel_Rarely,Sales,5,Life Sciences,985,1,Male,4,3,Sales Executive,3,7880,0,No,3,4,80,9,3,3,8,7,1,4,Sales Strategy,CRM Tools,5,4
40,Non-Travel,Sales,3,Life Sciences,986,2,Female,4,4,Sales Executive,2,13194,4,Yes,3,4,80,22,2,2,1,0,2,1,Sales Strategy,CRM Tools,6,5
47,Travel_Frequently,Research & Development,4,Medical,987,3,Male,4,2,Manufacturing Director,3,5067,1,Yes,3,3,80,20,3,4,19,10,1,2,Operations Management,Process Optimization,6,5
36,Non-Travel,Sales,4,Technical Degree,990,1,Male,3,2,Sales Executive,4,5079,4,No,3,4,80,12,3,3,7,7,1,4,Sales Strategy,CRM Tools,6,5
31,Non-Travel,Research & Development,2,Medical,991,3,Male,2,1,Research Scientist,1,2321,0,Yes,4,1,80,4,0,3,3,2,1,3,Data Analysis,Python,4,3
33,Non-Travel,Sales,3,Life Sciences,992,4,Male,3,4,Manager,3,17444,1,No,3,4,80,10,2,3,10,8,2,1,People Management,Project Planning,7,6
29,Travel_Rarely,Research & Development,3,Life Sciences,994,4,Female,2,1,Research Scientist,1,2404,6,Yes,4,3,80,3,5,3,0,0,0,2,Data Analysis,Python,3,2
33,Travel_Rarely,Research & Development,1,Life Sciences,995,2,Female,3,1,Research Scientist,4,3452,3,No,3,1,80,5,4,3,3,2,1,3,Data Analysis,Python,4,3
45,Travel_Rarely,Research & Development,4,Medical,996,4,Female,3,1,Laboratory Technician,4,2270,3,No,3,4,80,8,2,3,5,3,1,2,Laboratory Operations,Quality Control,4,3
50,Travel_Rarely,Research & Development,2,Medical,997,4,Male,3,4,Research Director,4,17399,9,No,4,3,80,32,1,2,5,4,2,2,Research Leadership,Strategic Planning,7,6
33,Travel_Frequently,Research & Development,4,Other,998,3,Female,4,2,Healthcare Representative,2,5488,1,Yes,3,1,80,6,2,3,6,5,1,2,Medical Sales,Product Knowledge,5,4
41,Travel_Frequently,Research & Development,3,Medical,999,1,Male,3,5,Research Director,3,19419,2,No,3,2,80,21,2,4,18,16,2,2,Research Leadership,Strategic Planning,7,6
27,Travel_Rarely,Research & Development,4,Technical Degree,1001,3,Female,3,1,Laboratory Technician,2,2811,9,No,3,2,80,4,2,3,2,2,1,2,Laboratory Operations,Quality Control,3,2
45,Non-Travel,Research & Development,2,Life Sciences,1002,4,Male,3,2,Laboratory Technician,1,3633,1,Yes,3,3,80,9,2,3,9,8,1,3,Laboratory Operations,Quality Control,5,4
47,Travel_Rarely,Sales,2,Life Sciences,1003,4,Female,3,2,Sales Executive,4,4163,1,Yes,3,3,80,9,0,3,9,0,1,2,Sales Strategy,CRM Tools,4,3
30,Travel_Rarely,Research & Development,3,Life Sciences,1004,1,Female,3,1,Research Scientist,3,2132,4,Yes,3,2,80,7,2,3,5,2,1,2,Data Analysis,Python,4,3
50,Travel_Rarely,Research & Development,3,Life Sciences,1005,4,Male,3,4,Manufacturing Director,3,13973,3,Yes,3,4,80,22,2,3,12,11,2,1,Operations Management,Process Optimization,7,6
38,Travel_Frequently,Research & Development,1,Medical,1006,3,Male,3,1,Research Scientist,3,2684,0,No,3,2,80,3,0,2,2,1,0,2,Data Analysis,Python,2,1
46,Travel_Rarely,Research & Development,2,Medical,1007,4,Male,3,3,Manufacturing Director,3,10845,6,No,3,2,80,13,3,3,8,7,2,2,Operations Management,Process Optimization,7,6
24,Travel_Rarely,Research & Development,1,Medical,1009,4,Female,2,2,Manufacturing Director,3,4377,1,No,3,2,80,5,6,3,4,2,1,1,Operations Management,Process Optimization,4,3
35,Travel_Rarely,Research & Development,4,Other,1010,3,Male,2,1,Laboratory Technician,2,3743,1,Yes,4,4,80,5,2,1,4,2,1,2,Laboratory Operations,Quality Control,5,4
31,Travel_Frequently,Research & Development,1,Life Sciences,1011,3,Female,3,2,Manufacturing Director,1,4148,1,No,3,3,80,4,1,3,4,3,1,1,Operations Management,Process Optimization,3,2
18,Non-Travel,Research & Development,2,Life Sciences,1012,2,Male,3,1,Research Scientist,4,1051,1,No,3,4,80,0,2,3,0,0,0,2,Data Analysis,Python,2,1
54,Travel_Rarely,Research & Development,3,Technical Degree,1013,3,Female,3,3,Manufacturing Director,3,10739,8,No,3,3,80,22,2,3,10,7,2,2,Operations Management,Process Optimization,7,6
35,Travel_Rarely,Research & Development,4,Medical,1014,3,Female,3,3,Healthcare Representative,3,10388,1,Yes,3,3,80,16,3,2,16,10,2,2,Medical Sales,Product Knowledge,7,6
30,Travel_Rarely,Research & Development,2,Life Sciences,1015,2,Female,4,3,Research Director,1,11416,0,Yes,3,3,80,9,4,2,8,7,1,3,Research Leadership,Strategic Planning,5,4
20,Travel_Rarely,Research & Development,3,Medical,1016,4,Female,2,1,Research Scientist,1,2600,1,Yes,3,1,80,1,2,3,1,0,0,1,Data Analysis,Python,2,1
30,Travel_Frequently,Research & Development,3,Medical,1017,2,Female,3,1,Laboratory Technician,2,2422,0,No,3,1,80,4,3,3,3,2,1,2,Laboratory Operations,Quality Control,3,2
26,Travel_Rarely,Research & Development,2,Medical,1018,4,Male,4,2,Manufacturing Director,4,5472,1,No,3,2,80,8,2,3,8,7,1,2,Operations Management,Process Optimization,5,4
22,Travel_Rarely,Research & Development,1,Life Sciences,1019,2,Male,1,1,Laboratory Technician,1,2451,1,No,3,1,80,4,3,2,4,3,1,2,Laboratory Operations,Quality Control,3,2
48,Travel_Rarely,Research & Development,3,Life Sciences,1022,1,Male,2,2,Healthcare Representative,3,4240,2,No,3,4,80,19,0,3,2,2,1,3,Medical Sales,Product Knowledge,5,4
48,Travel_Rarely,Research & Development,4,Life Sciences,1024,3,Male,2,3,Healthcare Representative,3,10999,7,No,3,2,80,27,3,3,15,11,2,3,Medical Sales,Product Knowledge,7,6
41,Travel_Rarely,Research & Development,2,Medical,1025,4,Female,3,2,Manufacturing Director,3,5003,6,No,3,2,80,8,6,3,2,2,1,1,Operations Management,Process Optimization,4,3
39,Travel_Rarely,Research & Development,1,Life Sciences,1026,4,Female,2,4,Manufacturing Director,4,12742,1,No,3,3,80,21,3,3,21,6,2,1,Operations Management,Process Optimization,7,6
27,Travel_Rarely,Research & Development,4,Life Sciences,1027,1,Female,3,2,Manufacturing Director,4,4227,0,No,3,2,80,4,2,3,3,2,1,1,Operations Management,Process Optimization,3,2
35,Travel_Rarely,Research & Development,3,Other,1028,2,Male,3,1,Laboratory Technician,4,3917,1,No,4,1,80,3,4,2,3,2,0,2,Laboratory Operations,Quality Control,3,2
42,Travel_Rarely,Sales,2,Marketing,1029,4,Male,3,5,Manager,3,18303,6,No,3,2,80,21,3,4,1,0,2,1,People Management,Project Planning,6,5
50,Travel_Rarely,Research & Development,3,Life Sciences,1030,1,Male,3,1,Laboratory Technician,4,2380,4,No,3,2,80,8,5,3,1,0,1,2,Laboratory Operations,Quality Control,4,3
59,Travel_Rarely,Research & Development,3,Life Sciences,1032,3,Female,2,4,Manufacturing Director,4,13726,3,Yes,3,1,80,30,4,3,5,3,2,1,Operations Management,Process Optimization,6,5
37,Travel_Rarely,Research & Development,2,Medical,1033,1,Female,1,2,Healthcare Representative,2,4777,5,No,3,1,80,15,2,1,1,0,1,3,Medical Sales,Product Knowledge,5,4
55,Travel_Frequently,Research & Development,4,Medical,1034,3,Male,3,2,Healthcare Representative,2,6385,3,Yes,3,4,80,17,3,3,8,7,1,3,Medical Sales,Product Knowledge,6,5
41,Non-Travel,Research & Development,1,Life Sciences,1035,2,Female,1,5,Research Director,3,19973,1,No,4,2,80,21,3,3,21,16,2,3,Research Leadership,Strategic Planning,8,7
38,Travel_Rarely,Sales,4,Life Sciences,1036,2,Male,3,2,Sales Executive,4,6861,8,Yes,3,3,80,19,1,3,1,0,1,2,Sales Strategy,CRM Tools,5,4
26,Non-Travel,Sales,2,Medical,1037,2,Male,1,2,Sales Executive,1,4969,8,No,3,4,80,7,6,3,2,2,1,2,Sales Strategy,CRM Tools,4,3
52,Travel_Rarely,Sales,1,Marketing,1038,1,Female,1,5,Manager,4,19845,1,No,3,4,80,33,3,3,32,14,2,1,People Management,Project Planning,7,6
44,Travel_Rarely,Sales,3,Medical,1039,4,Female,4,4,Sales Executive,4,13320,3,Yes,3,3,80,23,2,3,12,11,2,1,Sales Strategy,CRM Tools,7,6
50,Non-Travel,Sales,3,Life Sciences,1040,4,Female,3,2,Sales Executive,3,6347,0,No,3,1,80,19,3,3,18,7,1,4,Sales Strategy,CRM Tools,6,5
36,Travel_Rarely,Research & Development,4,Life Sciences,1042,3,Female,4,1,Laboratory Technician,1,2743,1,No,3,3,80,18,1,3,17,13,2,3,Laboratory Operations,Quality Control,7,6
39,Travel_Frequently,Research & Development,3,Medical,1043,4,Female,3,3,Manufacturing Director,1,10880,1,Yes,3,3,80,21,2,3,21,6,2,1,Operations Management,Process Optimization,7,6
33,Non-Travel,Sales,1,Life Sciences,1044,2,Female,2,1,Sales Representative,4,2342,0,No,3,4,80,3,2,2,2,2,0,1,Client Acquisition,Negotiation,2,1
45,Travel_Rarely,Sales,2,Life Sciences,1045,4,Female,3,4,Manager,4,17650,3,No,3,2,80,26,4,4,9,3,2,1,People Management,Project Planning,6,5
32,Non-Travel,Research & Development,4,Medical,1046,4,Female,3,1,Laboratory Technician,3,4025,9,No,3,2,80,10,2,3,8,7,2,3,Laboratory Operations,Quality Control,7,6
34,Travel_Rarely,Sales,4,Marketing,1047,2,Male,4,2,Sales Executive,4,9725,0,No,3,4,80,16,2,2,15,1,1,3,Sales Strategy,CRM Tools,5,4
59,Travel_Rarely,Sales,2,Technical Degree,1048,2,Male,3,3,Manager,4,11904,3,Yes,3,3,80,14,1,1,6,4,2,1,People Management,Project Planning,6,5
45,Travel_Rarely,Human Resources,4,Medical,1049,2,Male,3,1,Human Resources,2,2177,1,No,3,1,80,6,3,3,6,3,1,2,Talent Management,Employee Engagement,4,3
53,Travel_Frequently,Sales,3,Marketing,1050,3,Female,2,3,Sales Executive,2,7525,2,No,3,1,80,30,2,3,15,7,2,3,Sales Strategy,CRM Tools,7,6
36,Travel_Rarely,Research & Development,3,Other,1052,1,Male,3,2,Laboratory Technician,3,4834,7,No,3,2,80,9,3,2,1,0,1,3,Laboratory Operations,Quality Control,4,3
26,Travel_Frequently,Research & Development,3,Life Sciences,1053,1,Male,3,1,Research Scientist,1,2042,6,Yes,3,2,80,6,2,3,3,2,1,2,Data Analysis,Python,4,3
34,Travel_Rarely,Sales,4,Life Sciences,1055,3,Female,3,1,Sales Representative,3,2220,1,Yes,3,4,80,1,2,3,1,1,0,1,Client Acquisition,Negotiation,2,1
28,Travel_Rarely,Sales,1,Medical,1056,4,Male,3,1,Sales Representative,2,1052,1,No,4,2,80,1,5,3,1,0,0,2,Client Acquisition,Negotiation,3,2
38,Travel_Frequently,Research & Development,4,Other,1060,3,Male,3,1,Research Scientist,3,2821,3,No,3,1,80,8,2,3,2,2,1,3,Data Analysis,Python,4,3
50,Travel_Rarely,Research & Development,4,Medical,1061,2,Male,3,5,Research Director,3,19237,2,Yes,3,4,80,29,2,2,8,1,2,1,Research Leadership,Strategic Planning,6,5
37,Travel_Rarely,Research & Development,3,Other,1062,4,Female,3,2,Healthcare Representative,2,4107,3,No,3,1,80,8,3,2,4,3,1,2,Medical Sales,Product Knowledge,4,3
40,Travel_Rarely,Sales,3,Marketing,1066,3,Male,3,2,Sales Executive,1,8396,1,No,3,2,80,8,3,2,7,7,1,3,Sales Strategy,CRM Tools,5,4
26,Travel_Frequently,Research & Development,1,Medical,1068,1,Female,2,1,Research Scientist,3,2007,1,No,3,3,80,5,5,3,5,3,1,3,Data Analysis,Python,4,3
46,Travel_Rarely,Research & Development,4,Medical,1069,4,Male,3,5,Research Director,4,19627,9,No,3,4,80,23,0,3,2,2,2,1,Research Leadership,Strategic Planning,6,5
54,Travel_Rarely,Sales,4,Life Sciences,1070,3,Female,2,3,Sales Executive,3,10686,6,No,3,2,80,13,4,3,9,4,2,2,Sales Strategy,CRM Tools,6,5
56,Travel_Frequently,Research & Development,3,Medical,1071,1,Female,3,1,Research Scientist,3,2942,2,No,3,2,80,18,4,3,5,4,2,3,Data Analysis,Python,6,5
36,Travel_Rarely,Research & Development,5,Medical,1073,4,Female,2,3,Manufacturing Director,4,8858,0,No,3,2,80,15,2,2,14,8,2,2,Operations Management,Process Optimization,7,6
55,Non-Travel,Research & Development,1,Medical,1074,3,Male,2,4,Manager,1,16756,7,No,3,2,80,31,3,4,9,7,2,1,People Management,Project Planning,7,6
43,Travel_Rarely,Sales,3,Medical,1076,3,Male,2,3,Sales Executive,4,10798,5,No,3,3,80,18,5,3,1,0,2,2,Sales Strategy,CRM Tools,6,5
20,Travel_Frequently,Sales,3,Marketing,1077,4,Female,3,1,Sales Representative,4,2323,1,Yes,3,2,80,2,3,3,2,2,0,1,Client Acquisition,Negotiation,2,1
21,Travel_Rarely,Research & Development,3,Life Sciences,1079,3,Female,2,1,Laboratory Technician,1,1416,1,No,3,1,80,1,6,2,1,0,0,1,Laboratory Operations,Quality Control,2,1
46,Travel_Rarely,Research & Development,4,Life Sciences,1080,4,Female,2,2,Research Scientist,1,4615,8,Yes,4,1,80,19,2,3,16,13,1,4,Data Analysis,Python,7,6
51,Travel_Rarely,Research & Development,4,Life Sciences,1081,1,Male,3,1,Research Scientist,3,2461,9,Yes,3,3,80,18,2,4,10,0,2,2,Data Analysis,Python,6,5
28,Non-Travel,Research & Development,2,Technical Degree,1082,2,Male,2,3,Healthcare Representative,1,8722,1,No,3,1,80,10,2,2,10,7,2,3,Medical Sales,Product Knowledge,7,6
26,Travel_Rarely,Research & Development,2,Medical,1083,1,Male,2,1,Laboratory Technician,1,3955,1,No,3,1,80,6,2,3,5,3,1,2,Laboratory Operations,Quality Control,4,3
30,Travel_Rarely,Research & Development,3,Other,1084,3,Male,3,2,Manufacturing Director,1,9957,0,No,3,3,80,7,1,2,6,2,1,1,Operations Management,Process Optimization,4,3
41,Travel_Rarely,Research & Development,2,Technical Degree,1085,2,Female,4,1,Research Scientist,3,3376,1,No,3,3,80,10,3,3,10,6,2,4,Data Analysis,Python,7,6
38,Travel_Rarely,Research & Development,1,Life Sciences,1088,3,Female,2,3,Healthcare Representative,3,8823,0,No,3,1,80,20,4,2,19,9,2,3,Medical Sales,Product Knowledge,7,6
40,Travel_Rarely,Research & Development,4,Technical Degree,1092,1,Male,3,3,Healthcare Representative,4,10322,4,No,4,4,80,14,6,3,11,10,2,4,Medical Sales,Product Knowledge,8,7
27,Non-Travel,Research & Development,5,Life Sciences,1094,1,Male,1,1,Laboratory Technician,3,4621,1,No,3,4,80,3,4,3,3,2,0,1,Laboratory Operations,Quality Control,2,1
55,Travel_Frequently,Research & Development,1,Life Sciences,1096,4,Male,3,3,Manufacturing Director,2,10976,3,No,3,2,80,23,4,3,3,2,2,1,Operations Management,Process Optimization,6,5
28,Travel_Rarely,Research & Development,3,Other,1097,3,Female,3,2,Research Scientist,3,3660,3,No,3,4,80,10,4,4,8,7,1,4,Data Analysis,Python,6,5
44,Travel_Rarely,Human Resources,2,Medical,1098,2,Male,2,3,Human Resources,1,10482,9,No,3,4,80,24,1,3,20,6,2,3,Talent Management,Employee Engagement,7,6
33,Travel_Rarely,Research & Development,3,Life Sciences,1099,4,Male,2,3,Healthcare Representative,4,7119,4,No,3,3,80,9,2,3,3,2,1,3,Medical Sales,Product Knowledge,4,3
35,Travel_Rarely,Sales,3,Technical Degree,1100,4,Male,3,3,Sales Executive,1,9582,0,Yes,4,1,80,9,2,3,8,7,1,4,Sales Strategy,CRM Tools,6,5
33,Travel_Frequently,Research & Development,4,Medical,1101,1,Female,2,2,Research Scientist,3,4508,1,No,4,2,80,14,4,3,13,7,1,4,Data Analysis,Python,7,6
28,Travel_Rarely,Research & Development,2,Life Sciences,1102,1,Male,3,1,Laboratory Technician,3,2207,1,No,3,4,80,4,5,2,4,2,1,2,Laboratory Operations,Quality Control,3,2
34,Travel_Frequently,Research & Development,1,Life Sciences,1103,1,Male,3,2,Healthcare Representative,4,7756,0,No,3,3,80,7,1,2,6,2,1,2,Medical Sales,Product Knowledge,4,3
37,Travel_Rarely,Sales,4,Life Sciences,1105,4,Female,2,2,Sales Executive,4,6694,2,Yes,3,3,80,8,5,3,1,0,1,1,Sales Strategy,CRM Tools,4,3
25,Travel_Rarely,Research & Development,1,Technical Degree,1106,4,Male,3,1,Laboratory Technician,4,3691,1,Yes,3,2,80,7,3,4,7,7,1,2,Laboratory Operations,Quality Control,5,4
26,Travel_Rarely,Research & Development,3,Medical,1107,1,Male,3,1,Laboratory Technician,3,2377,1,No,4,3,80,1,0,2,1,1,0,2,Laboratory Operations,Quality Control,3,2
33,Travel_Rarely,Research & Development,3,Medical,1108,1,Male,2,1,Research Scientist,2,2313,4,Yes,4,2,80,5,0,3,2,2,1,3,Data Analysis,Python,5,4
42,Travel_Rarely,Research & Development,2,Medical,1109,4,Male,3,4,Manager,1,17665,0,No,3,4,80,23,3,3,22,6,2,1,People Management,Project Planning,7,6
28,Travel_Frequently,Research & Development,3,Medical,1111,1,Male,2,1,Laboratory Technician,2,2596,1,No,3,1,80,1,2,3,1,0,0,1,Laboratory Operations,Quality Control,2,1
50,Travel_Frequently,Sales,4,Other,1113,4,Male,3,2,Sales Executive,3,4728,3,Yes,3,4,80,5,4,3,0,0,1,1,Sales Strategy,CRM Tools,4,3
33,Travel_Frequently,Sales,3,Life Sciences,1114,4,Female,3,2,Sales Executive,2,4302,0,No,3,3,80,4,3,3,3,2,1,2,Sales Strategy,CRM Tools,3,2
34,Non-Travel,Research & Development,4,Life Sciences,1115,3,Male,2,1,Research Scientist,4,2979,3,No,3,4,80,6,2,3,0,0,1,3,Data Analysis,Python,4,3
48,Non-Travel,Research & Development,4,Medical,1116,1,Male,4,4,Manager,4,16885,2,No,4,3,80,27,3,2,5,4,2,1,People Management,Project Planning,7,6
45,Non-Travel,Sales,4,Life Sciences,1117,2,Female,2,2,Sales Executive,3,5593,1,No,3,4,80,15,2,3,15,10,1,4,Sales Strategy,CRM Tools,6,5
52,Travel_Rarely,Research & Development,4,Life Sciences,1118,2,Male,3,3,Healthcare Representative,2,10445,7,No,3,4,80,18,4,3,8,6,2,3,Medical Sales,Product Knowledge,7,6
38,Travel_Rarely,Sales,4,Marketing,1119,3,Male,2,3,Sales Executive,3,8740,0,Yes,3,2,80,9,2,3,8,7,1,3,Sales Strategy,CRM Tools,5,4
29,Travel_Rarely,Research & Development,4,Life Sciences,1120,3,Female,3,1,Research Scientist,4,2514,4,No,4,1,80,11,1,3,7,5,2,4,Data Analysis,Python,8,7
28,Travel_Rarely,Research & Development,3,Medical,1121,4,Female,3,3,Manufacturing Director,2,7655,0,No,3,2,80,10,3,2,9,7,2,2,Operations Management,Process Optimization,7,6
46,Travel_Rarely,Sales,1,Marketing,1124,1,Male,3,4,Manager,3,17465,3,No,3,4,80,23,3,3,12,9,2,1,People Management,Project Planning,7,6
38,Travel_Rarely,Sales,2,Marketing,1125,4,Male,3,3,Sales Executive,2,7351,7,No,3,3,80,10,2,3,1,0,2,2,Sales Strategy,CRM Tools,6,5
43,Travel_Frequently,Research & Development,3,Life Sciences,1126,3,Female,3,3,Manufacturing Director,1,10820,8,No,3,3,80,18,1,3,8,7,2,2,Operations Management,Process Optimization,7,6
39,Travel_Frequently,Research & Development,3,Life Sciences,1127,1,Male,3,4,Healthcare Representative,4,12169,7,No,3,4,80,21,4,3,18,7,2,2,Medical Sales,Product Knowledge,7,6
40,Travel_Rarely,Research & Development,3,Medical,1128,3,Male,2,5,Research Director,3,19626,1,No,3,1,80,21,2,4,20,7,2,2,Research Leadership,Strategic Planning,7,6
21,Travel_Rarely,Research & Development,1,Technical Degree,1131,4,Female,2,1,Research Scientist,2,2070,1,Yes,3,3,80,2,6,4,2,2,0,1,Data Analysis,Python,2,1
39,Non-Travel,Research & Development,3,Life Sciences,1132,3,Male,3,2,Laboratory Technician,2,6782,9,No,3,3,80,9,2,2,5,4,1,3,Laboratory Operations,Quality Control,4,3
36,Non-Travel,Research & Development,4,Life Sciences,1133,1,Male,3,2,Manufacturing Director,4,7779,2,No,4,1,80,18,0,3,11,9,1,4,Operations Management,Process Optimization,7,6
31,Travel_Frequently,Sales,3,Life Sciences,1135,3,Male,4,1,Sales Representative,4,2791,0,No,3,1,80,3,4,3,2,2,0,1,Client Acquisition,Negotiation,2,1
28,Travel_Rarely,Research & Development,1,Life Sciences,1136,1,Male,2,1,Research Scientist,2,3201,0,No,3,1,80,6,2,1,5,3,1,3,Data Analysis,Python,4,3
35,Travel_Frequently,Sales,2,Marketing,1137,4,Male,3,2,Sales Executive,4,4968,1,No,3,4,80,5,3,3,5,2,1,2,Sales Strategy,CRM Tools,4,3
49,Travel_Rarely,Sales,4,Technical Degree,1138,4,Male,2,4,Sales Executive,2,13120,6,No,3,2,80,22,3,3,9,8,2,2,Sales Strategy,CRM Tools,7,6
34,Travel_Frequently,Research & Development,2,Life Sciences,1140,4,Male,3,2,Manufacturing Director,3,4033,2,No,3,4,80,5,3,2,3,2,1,1,Operations Management,Process Optimization,4,3
29,Travel_Frequently,Research & Development,3,Life Sciences,1143,4,Female,3,1,Research Scientist,2,3291,0,No,3,4,80,8,2,2,7,5,1,4,Data Analysis,Python,5,4
42,Travel_Rarely,Research & Development,3,Medical,1148,2,Male,1,2,Laboratory Technician,4,4272,4,No,3,1,80,16,3,3,1,0,1,3,Laboratory Operations,Quality Control,5,4
29,Travel_Rarely,Research & Development,1,Medical,1150,2,Male,2,2,Manufacturing Director,4,5056,1,Yes,3,3,80,10,2,2,10,7,1,2,Operations Management,Process Optimization,6,5
38,Travel_Rarely,Human Resources,3,Human Resources,1152,3,Male,4,1,Human Resources,3,2844,1,No,3,4,80,7,2,4,7,6,1,3,Talent Management,Employee Engagement,5,4
28,Travel_Frequently,Research & Development,3,Life Sciences,1154,3,Male,2,1,Research Scientist,3,2703,1,Yes,3,4,80,3,2,3,3,1,0,1,Data Analysis,Python,2,1
18,Non-Travel,Research & Development,1,Medical,1156,3,Male,3,1,Laboratory Technician,3,1904,1,No,3,4,80,0,0,3,0,0,0,1,Laboratory Operations,Quality Control,2,1
33,Travel_Rarely,Sales,4,Marketing,1157,1,Female,3,2,Sales Executive,1,8224,0,Yes,3,1,80,6,3,3,5,2,1,1,Sales Strategy,CRM Tools,4,3
41,Travel_Rarely,Research & Development,4,Life Sciences,1158,2,Male,3,1,Laboratory Technician,4,4766,3,Yes,3,1,80,6,4,3,1,0,1,1,Laboratory Operations,Quality Control,4,3
31,Travel_Frequently,Research & Development,3,Medical,1160,3,Male,3,1,Laboratory Technician,3,2610,1,No,3,3,80,2,5,2,2,2,0,1,Laboratory Operations,Quality Control,2,1
37,Travel_Rarely,Research & Development,2,Medical,1161,3,Female,2,2,Healthcare Representative,4,5731,7,No,3,3,80,9,2,3,6,2,1,3,Medical Sales,Product Knowledge,4,3
27,Travel_Rarely,Research & Development,3,Life Sciences,1162,4,Male,2,1,Research Scientist,3,2539,1,No,3,3,80,4,0,3,4,2,1,3,Data Analysis,Python,3,2
34,Travel_Rarely,Sales,1,Life Sciences,1163,2,Female,3,2,Sales Executive,3,5714,1,No,4,1,80,6,3,2,6,5,1,4,Sales Strategy,CRM Tools,6,5
35,Travel_Rarely,Human Resources,4,Technical Degree,1164,3,Male,3,1,Human Resources,3,4323,1,No,3,2,80,6,2,1,5,4,1,2,Talent Management,Employee Engagement,4,3
29,Travel_Rarely,Sales,1,Life Sciences,1165,4,Female,2,3,Sales Executive,1,7336,1,No,3,1,80,11,3,1,11,8,2,3,Sales Strategy,CRM Tools,7,6
40,Travel_Frequently,Research & Development,4,Medical,1166,2,Female,3,3,Research Director,3,13499,9,No,3,3,80,20,3,2,18,7,2,3,Research Leadership,Strategic Planning,7,6
42,Travel_Frequently,Sales,3,Life Sciences,1167,3,Male,3,4,Sales Executive,1,13758,0,Yes,3,2,80,22,2,2,21,9,2,1,Sales Strategy,CRM Tools,7,6
42,Travel_Rarely,Sales,4,Marketing,1171,2,Male,3,2,Sales Executive,1,5155,7,No,3,4,80,9,3,4,6,4,1,3,Sales Strategy,CRM Tools,4,3
35,Travel_Rarely,Research & Development,4,Medical,1172,4,Male,2,1,Laboratory Technician,3,2258,6,No,3,2,80,10,2,3,8,0,2,2,Laboratory Operations,Quality Control,6,5
24,Travel_Rarely,Research & Development,3,Medical,1173,4,Male,3,1,Laboratory Technician,2,3597,8,No,4,4,80,6,2,3,4,3,1,3,Laboratory Operations,Quality Control,5,4
28,Travel_Rarely,Research & Development,1,Life Sciences,1175,3,Female,3,1,Laboratory Technician,4,2515,1,Yes,3,4,80,1,4,2,1,1,0,1,Laboratory Operations,Quality Control,2,1
26,Travel_Rarely,Research & Development,4,Medical,1177,1,Male,4,1,Laboratory Technician,4,4420,1,No,4,2,80,8,2,3,8,7,1,4,Laboratory Operations,Quality Control,6,5
30,Travel_Rarely,Sales,3,Marketing,1179,3,Male,2,2,Sales Executive,3,6578,1,No,3,1,80,10,3,3,10,3,1,3,Sales Strategy,CRM Tools,5,4
40,Travel_Frequently,Research & Development,2,Medical,1180,3,Female,2,2,Research Scientist,4,4422,3,Yes,3,4,80,16,3,1,1,1,1,3,Data Analysis,Python,5,4
35,Travel_Rarely,Research & Development,3,Life Sciences,1182,3,Male,2,3,Manufacturing Director,2,10274,2,No,3,2,80,15,2,4,7,7,2,2,Operations Management,Process Optimization,7,6
34,Travel_Frequently,Research & Development,3,Medical,1184,4,Male,2,2,Healthcare Representative,1,5343,0,No,4,3,80,14,3,3,13,9,1,4,Medical Sales,Product Knowledge,7,6
35,Travel_Frequently,Research & Development,4,Other,1185,4,Male,2,1,Laboratory Technician,4,2376,1,No,3,2,80,2,2,4,2,2,0,1,Laboratory Operations,Quality Control,2,1
43,Travel_Rarely,Sales,3,Marketing,1188,1,Female,1,2,Sales Executive,3,5346,8,No,3,2,80,7,2,2,4,3,1,2,Sales Strategy,CRM Tools,4,3
32,Non-Travel,Sales,1,Life Sciences,1190,3,Female,3,1,Sales Representative,1,2827,1,No,3,3,80,1,3,3,1,0,0,1,Client Acquisition,Negotiation,2,1
56,Travel_Rarely,Research & Development,4,Technical Degree,1191,4,Female,3,5,Manager,1,19943,4,No,3,4,80,28,2,3,5,2,2,1,People Management,Project Planning,6,5
29,Travel_Rarely,Research & Development,1,Medical,1192,2,Female,3,1,Laboratory Technician,4,3131,1,No,3,1,80,10,5,3,10,8,2,3,Laboratory Operations,Quality Control,7,6
19,Travel_Rarely,Research & Development,2,Life Sciences,1193,3,Male,3,1,Research Scientist,1,2552,1,No,4,3,80,1,4,3,1,1,0,3,Data Analysis,Python,3,2
45,Travel_Rarely,Research & Development,3,Medical,1195,1,Female,3,1,Research Scientist,3,4477,4,Yes,3,3,80,7,2,2,3,2,1,2,Data Analysis,Python,4,3
37,Travel_Rarely,Research & Development,3,Life Sciences,1196,4,Female,2,2,Manufacturing Director,4,6474,1,No,3,2,80,14,2,2,14,8,1,3,Operations Management,Process Optimization,6,5
20,Travel_Rarely,Research & Development,3,Life Sciences,1198,1,Male,2,1,Laboratory Technician,3,3033,1,No,3,1,80,2,2,2,2,2,0,1,Laboratory Operations,Quality Control,2,1
44,Travel_Rarely,Research & Development,4,Life Sciences,1200,3,Male,3,1,Research Scientist,3,2936,1,Yes,3,3,80,6,4,3,6,4,1,2,Data Analysis,Python,4,3
53,Travel_Rarely,Research & Development,2,Medical,1201,4,Female,3,5,Manager,3,18606,3,No,3,2,80,26,6,3,7,7,2,1,People Management,Project Planning,7,6
29,Travel_Rarely,Research & Development,1,Life Sciences,1202,2,Female,1,1,Research Scientist,4,2168,0,Yes,3,1,80,6,2,2,5,4,1,2,Data Analysis,Python,4,3
22,Travel_Frequently,Research & Development,4,Life Sciences,1203,3,Male,2,1,Research Scientist,4,2853,0,Yes,3,2,80,1,5,3,0,0,0,1,Data Analysis,Python,2,1
46,Travel_Rarely,Sales,3,Marketing,1204,3,Female,3,4,Manager,1,17048,8,No,4,1,80,28,2,3,26,15,2,2,People Management,Project Planning,8,7
44,Non-Travel,Research & Development,3,Life Sciences,1206,4,Male,1,1,Research Scientist,3,2290,2,No,3,4,80,6,3,3,0,0,1,3,Data Analysis,Python,4,3
33,Travel_Rarely,Human Resources,3,Human Resources,1207,2,Male,3,1,Human Resources,3,3600,1,No,3,4,80,5,2,3,5,4,1,2,Talent Management,Employee Engagement,4,3
41,Non-Travel,Research & Development,2,Life Sciences,1210,1,Male,2,1,Research Scientist,1,2107,6,No,3,1,80,5,2,1,1,0,1,3,Data Analysis,Python,4,3
30,Travel_Rarely,Sales,4,Life Sciences,1211,3,Male,3,2,Sales Executive,1,4115,8,No,3,3,80,8,3,3,4,3,1,2,Sales Strategy,CRM Tools,4,3
40,Travel_Frequently,Sales,4,Medical,1212,2,Male,3,2,Sales Executive,2,4327,5,No,3,4,80,5,2,3,0,0,1,2,Sales Strategy,CRM Tools,4,3
50,Travel_Frequently,Research & Development,3,Medical,1215,4,Female,3,4,Manager,1,17856,2,No,4,3,80,32,3,3,2,2,2,1,People Management,Project Planning,7,6
28,Travel_Rarely,Research & Development,4,Medical,1216,4,Male,2,1,Laboratory Technician,1,3196,1,No,3,3,80,6,2,3,6,5,1,3,Laboratory Operations,Quality Control,5,4
46,Travel_Rarely,Research & Development,2,Life Sciences,1217,4,Male,3,5,Research Director,2,19081,5,No,3,1,80,25,2,3,4,2,2,1,Research Leadership,Strategic Planning,6,5
35,Travel_Rarely,Sales,4,Life Sciences,1218,3,Male,3,2,Sales Executive,1,8966,3,Yes,3,4,80,15,2,3,7,7,1,3,Sales Strategy,CRM Tools,6,5
24,Travel_Rarely,Research & Development,2,Life Sciences,1219,4,Female,3,1,Laboratory Technician,2,2210,1,No,3,1,80,1,3,1,1,0,0,1,Laboratory Operations,Quality Control,2,1
33,Travel_Frequently,Sales,3,Medical,1220,2,Female,3,2,Sales Executive,3,4539,1,No,3,1,80,10,3,2,10,7,1,4,Sales Strategy,CRM Tools,6,5
36,Travel_Rarely,Research & Development,4,Life Sciences,1221,3,Male,1,1,Laboratory Technician,3,2741,1,No,3,3,80,7,4,3,7,7,1,3,Laboratory Operations,Quality Control,5,4
30,Travel_Rarely,Research & Development,4,Life Sciences,1224,3,Male,3,2,Laboratory Technician,3,3491,1,No,3,1,80,10,4,2,10,7,1,4,Laboratory Operations,Quality Control,6,5
44,Travel_Rarely,Research & Development,4,Other,1225,4,Male,3,2,Research Scientist,4,4541,1,No,4,2,80,20,3,3,20,11,1,4,Data Analysis,Python,7,6
20,Travel_Rarely,Sales,3,Marketing,1226,3,Male,4,1,Sales Representative,4,2678,1,No,3,4,80,2,2,3,2,1,0,1,Client Acquisition,Negotiation,2,1
46,Travel_Rarely,Research & Development,4,Technical Degree,1228,4,Male,3,2,Manufacturing Director,4,7379,2,No,3,3,80,12,3,2,6,3,1,2,Operations Management,Process Optimization,5,4
42,Non-Travel,Human Resources,5,Medical,1231,4,Male,4,2,Human Resources,1,6272,7,No,3,1,80,10,3,4,4,3,1,3,Talent Management,Employee Engagement,5,4
60,Travel_Rarely,Sales,4,Marketing,1233,2,Male,4,2,Sales Executive,4,5220,0,Yes,3,2,80,12,3,3,11,7,1,3,Sales Strategy,CRM Tools,6,5
32,Travel_Frequently,Research & Development,3,Other,1234,3,Female,2,1,Laboratory Technician,2,2743,1,No,4,3,80,2,2,3,2,2,0,2,Laboratory Operations,Quality Control,3,2
32,Travel_Frequently,Research & Development,2,Life Sciences,1235,4,Female,3,2,Research Scientist,3,4998,4,Yes,3,4,80,10,2,3,8,7,1,4,Data Analysis,Python,6,5
36,Travel_Rarely,Research & Development,3,Technical Degree,1237,3,Female,1,3,Manufacturing Director,1,10252,2,Yes,4,3,80,17,2,3,7,7,2,2,Operations Management,Process Optimization,8,7
33,Travel_Rarely,Research & Development,3,Medical,1238,1,Male,3,1,Research Scientist,4,2781,0,No,3,2,80,15,5,3,14,10,2,4,Data Analysis,Python,7,6
40,Travel_Rarely,Sales,3,Technical Degree,1239,2,Female,2,2,Sales Executive,2,6852,7,No,3,2,80,7,2,4,5,1,1,2,Sales Strategy,CRM Tools,4,3
25,Travel_Rarely,Sales,4,Life Sciences,1240,3,Male,3,2,Sales Executive,4,4950,0,No,3,2,80,5,4,3,4,3,1,2,Sales Strategy,CRM Tools,4,3
30,Travel_Rarely,Research & Development,3,Medical,1241,4,Male,3,1,Research Scientist,2,3579,0,Yes,4,1,80,12,2,3,11,9,2,4,Data Analysis,Python,8,7
42,Travel_Frequently,Research & Development,5,Medical,1242,1,Female,3,3,Research Director,1,13191,3,Yes,3,3,80,20,6,3,1,0,2,1,Research Leadership,Strategic Planning,6,5
35,Non-Travel,Sales,2,Marketing,1243,3,Female,2,3,Sales Executive,4,10377,4,Yes,3,2,80,16,6,2,13,2,2,1,Sales Strategy,CRM Tools,6,5
27,Travel_Rarely,Research & Development,3,Life Sciences,1244,1,Male,3,1,Research Scientist,1,2235,1,Yes,3,4,80,9,3,2,9,7,1,4,Data Analysis,Python,5,4
54,Travel_Frequently,Research & Development,4,Life Sciences,1245,4,Female,3,3,Manufacturing Director,3,10502,7,No,3,1,80,33,2,1,5,4,2,1,Operations Management,Process Optimization,6,5
44,Travel_Rarely,Research & Development,1,Life Sciences,1246,1,Female,4,1,Research Scientist,4,2011,1,No,3,4,80,10,5,3,10,5,2,4,Data Analysis,Python,7,6
19,Non-Travel,Research & Development,3,Medical,1248,1,Female,2,1,Research Scientist,2,1859,1,Yes,4,2,80,1,2,4,1,1,0,2,Data Analysis,Python,3,2
29,Travel_Rarely,Research & Development,3,Life Sciences,1249,1,Female,3,1,Research Scientist,4,3760,1,No,3,1,80,3,5,3,3,2,0,2,Data Analysis,Python,2,1
54,Travel_Rarely,Research & Development,3,Life Sciences,1250,4,Male,3,4,Research Director,4,17779,3,No,3,1,80,36,2,3,10,9,2,2,Research Leadership,Strategic Planning,7,6
31,Travel_Rarely,Research & Development,2,Medical,1251,3,Male,3,2,Healthcare Representative,1,6833,1,Yes,3,4,80,6,2,2,6,5,1,2,Medical Sales,Product Knowledge,5,4
31,Travel_Rarely,Research & Development,3,Medical,1252,3,Female,2,2,Healthcare Representative,1,6812,1,No,3,2,80,10,2,3,10,9,1,4,Medical Sales,Product Knowledge,6,5
59,Travel_Rarely,Sales,3,Life Sciences,1254,3,Female,2,2,Sales Executive,4,5171,5,No,3,4,80,13,2,3,6,1,1,3,Sales Strategy,CRM Tools,5,4
43,Travel_Rarely,Research & Development,3,Life Sciences,1255,3,Male,1,5,Research Director,4,19740,3,No,3,2,80,25,2,3,8,7,2,2,Research Leadership,Strategic Planning,7,6
49,Travel_Rarely,Research & Development,2,Medical,1256,1,Male,2,5,Manager,3,18711,2,No,3,3,80,23,2,4,1,0,2,1,People Management,Project Planning,6,5
36,Travel_Frequently,Research & Development,3,Technical Degree,1257,3,Male,3,1,Research Scientist,2,3692,1,No,3,3,80,12,2,2,11,10,2,4,Data Analysis,Python,7,6
48,Travel_Rarely,Research & Development,2,Technical Degree,1258,4,Male,4,1,Laboratory Technician,2,2559,5,No,3,3,80,7,4,2,1,0,1,2,Laboratory Operations,Quality Control,4,3
27,Travel_Rarely,Research & Development,2,Life Sciences,1259,1,Male,3,1,Research Scientist,3,2517,1,No,3,2,80,5,2,3,5,3,1,3,Data Analysis,Python,4,3
29,Travel_Rarely,Research & Development,3,Life Sciences,1260,3,Male,3,2,Healthcare Representative,4,6623,1,Yes,3,2,80,6,2,3,6,0,1,1,Medical Sales,Product Knowledge,4,3
48,Travel_Rarely,Research & Development,3,Life Sciences,1263,4,Male,2,5,Research Director,4,18265,6,No,3,3,80,25,3,4,1,0,2,1,Research Leadership,Strategic Planning,6,5
29,Travel_Rarely,Research & Development,3,Life Sciences,1264,4,Female,2,4,Research Director,4,16124,3,No,3,2,80,9,2,2,7,7,1,3,Research Leadership,Strategic Planning,5,4
34,Travel_Rarely,Research & Development,3,Technical Degree,1265,3,Female,4,1,Research Scientist,3,2585,0,No,3,4,80,2,5,2,1,0,0,2,Data Analysis,Python,2,1
44,Travel_Rarely,Sales,3,Marketing,1267,2,Male,3,5,Manager,2,18213,7,No,3,3,80,26,5,3,22,9,2,1,People Management,Project Planning,7,6
33,Travel_Rarely,Sales,5,Marketing,1268,4,Male,4,3,Sales Executive,3,8380,0,Yes,3,4,80,10,3,3,9,8,2,2,Sales Strategy,CRM Tools,7,6
19,Travel_Rarely,Research & Development,3,Life Sciences,1269,2,Female,4,1,Research Scientist,4,2994,1,Yes,3,4,80,1,2,3,1,0,0,1,Data Analysis,Python,2,1
23,Travel_Rarely,Research & Development,2,Life Sciences,1270,4,Male,3,1,Research Scientist,3,1223,1,No,4,4,80,1,2,3,1,0,0,3,Data Analysis,Python,3,2
25,Travel_Frequently,Sales,1,Life Sciences,1273,3,Male,1,1,Sales Representative,4,1118,1,Yes,3,4,80,1,4,3,1,0,0,1,Client Acquisition,Negotiation,2,1
26,Travel_Rarely,Research & Development,2,Life Sciences,1275,3,Male,3,1,Research Scientist,4,2875,1,Yes,4,2,80,8,2,2,8,5,1,4,Data Analysis,Python,6,5
45,Travel_Rarely,Sales,3,Marketing,1277,1,Female,1,5,Manager,2,18824,2,Yes,3,1,80,26,2,3,24,10,2,1,People Management,Project Planning,7,6
55,Non-Travel,Research & Development,1,Medical,1278,4,Male,2,4,Healthcare Representative,2,13577,1,Yes,3,4,80,34,3,3,33,9,2,1,Medical Sales,Product Knowledge,7,6
21,Travel_Frequently,Research & Development,2,Life Sciences,1279,1,Female,2,1,Laboratory Technician,3,2625,1,No,4,3,80,2,2,1,2,2,0,2,Laboratory Operations,Quality Control,3,2
46,Travel_Rarely,Sales,2,Marketing,1280,4,Female,2,5,Manager,2,18789,2,No,3,3,80,26,2,3,11,4,2,1,People Management,Project Planning,6,5
34,Travel_Rarely,Sales,3,Marketing,1281,3,Female,3,2,Sales Executive,1,4538,0,Yes,3,4,80,4,3,3,3,2,1,1,Sales Strategy,CRM Tools,3,2
51,Travel_Frequently,Sales,3,Life Sciences,1282,4,Male,3,5,Manager,2,19847,4,Yes,4,1,80,31,5,2,29,10,2,1,People Management,Project Planning,8,7
59,Travel_Rarely,Research & Development,4,Medical,1283,4,Male,3,3,Manufacturing Director,4,10512,6,No,3,4,80,25,6,2,9,7,2,2,Operations Management,Process Optimization,7,6
34,Travel_Frequently,Research & Development,3,Medical,1285,3,Female,3,2,Laboratory Technician,2,4444,4,No,3,3,80,15,2,4,11,8,1,4,Laboratory Operations,Quality Control,6,5
28,Travel_Frequently,Research & Development,4,Medical,1286,4,Male,3,1,Laboratory Technician,3,2154,0,Yes,3,3,80,5,2,2,4,2,1,1,Laboratory Operations,Quality Control,4,3
44,Travel_Rarely,Research & Development,2,Life Sciences,1288,3,Male,4,5,Manager,1,19190,1,No,3,4,80,26,4,2,25,9,2,1,People Management,Project Planning,7,6
34,Travel_Frequently,Human Resources,3,Life Sciences,1289,3,Male,2,2,Human Resources,2,4490,4,No,3,4,80,14,5,4,10,9,1,4,Talent Management,Employee Engagement,6,5
35,Travel_Rarely,Research & Development,1,Life Sciences,1291,3,Male,3,1,Research Scientist,3,3506,0,Yes,3,4,80,4,3,3,3,2,1,2,Data Analysis,Python,3,2
42,Travel_Rarely,Research & Development,4,Medical,1292,2,Female,4,2,Research Scientist,2,2372,6,Yes,3,4,80,18,2,3,1,0,1,3,Data Analysis,Python,5,4
43,Travel_Rarely,Sales,4,Marketing,1293,4,Female,2,3,Sales Executive,4,10231,3,No,3,4,80,23,3,4,21,7,2,3,Sales Strategy,CRM Tools,7,6
36,Travel_Rarely,Research & Development,4,Life Sciences,1294,3,Female,3,2,Manufacturing Director,2,5410,9,Yes,3,4,80,18,2,3,16,14,1,2,Operations Management,Process Optimization,6,5
44,Travel_Rarely,Research & Development,3,Medical,1295,1,Female,3,3,Healthcare Representative,4,7978,1,No,3,4,80,10,2,3,10,7,2,3,Medical Sales,Product Knowledge,7,6
28,Travel_Frequently,Research & Development,3,Life Sciences,1296,4,Male,2,1,Laboratory Technician,4,3867,1,Yes,3,2,80,2,2,3,2,2,0,1,Laboratory Operations,Quality Control,2,1
51,Travel_Frequently,Research & Development,2,Medical,1297,2,Female,2,1,Laboratory Technician,3,2838,0,No,3,2,80,8,6,2,7,0,1,2,Laboratory Operations,Quality Control,4,3
30,Non-Travel,Research & Development,2,Medical,1298,3,Female,3,2,Manufacturing Director,3,4695,7,Yes,3,3,80,10,3,3,8,4,1,1,Operations Management,Process Optimization,5,4
29,Travel_Rarely,Research & Development,3,Technical Degree,1299,2,Female,3,1,Laboratory Technician,3,3339,3,Yes,3,1,80,10,2,3,7,7,2,2,Laboratory Operations,Quality Control,7,6
28,Travel_Rarely,Research & Development,3,Technical Degree,1301,4,Male,3,1,Research Scientist,1,2080,2,No,3,2,80,5,2,2,3,2,1,3,Data Analysis,Python,4,3
25,Travel_Rarely,Research & Development,3,Medical,1303,4,Female,3,1,Research Scientist,2,2096,1,No,3,4,80,2,3,2,2,2,0,2,Data Analysis,Python,2,1
32,Travel_Rarely,Sales,3,Medical,1304,3,Male,4,2,Sales Executive,4,6209,1,No,3,3,80,10,4,4,10,7,1,4,Sales Strategy,CRM Tools,6,5
45,Travel_Frequently,Research & Development,3,Medical,1306,2,Female,3,5,Manager,2,18061,3,No,4,3,80,22,4,3,0,0,2,1,People Management,Project Planning,7,6
39,Travel_Rarely,Research & Development,4,Medical,1307,3,Female,2,4,Manager,2,17123,6,Yes,3,4,80,21,4,3,19,9,2,1,People Management,Project Planning,7,6
58,Travel_Rarely,Research & Development,4,Life Sciences,1308,1,Male,3,1,Research Scientist,3,2372,1,No,3,4,80,2,3,3,2,2,0,2,Data Analysis,Python,2,1
32,Travel_Rarely,Research & Development,2,Life Sciences,1309,4,Male,3,2,Laboratory Technician,3,4883,1,No,3,1,80,10,3,3,10,4,1,3,Laboratory Operations,Quality Control,5,4
39,Travel_Rarely,Research & Development,3,Medical,1310,3,Male,3,1,Research Scientist,1,3904,0,No,3,1,80,6,2,3,5,2,1,3,Data Analysis,Python,4,3
30,Travel_Rarely,Research & Development,3,Technical Degree,1311,1,Female,2,2,Laboratory Technician,4,4627,0,No,3,1,80,10,6,3,9,2,1,3,Laboratory Operations,Quality Control,5,4
36,Travel_Rarely,Research & Development,4,Technical Degree,1312,4,Female,3,3,Healthcare Representative,3,7094,3,No,3,1,80,10,0,3,7,7,2,3,Medical Sales,Product Knowledge,7,6
46,Travel_Rarely,Human Resources,2,Life Sciences,1314,4,Female,3,1,Human Resources,1,3423,6,No,3,3,80,10,3,4,7,6,2,3,Talent Management,Employee Engagement,7,6
28,Non-Travel,Research & Development,3,Life Sciences,1315,3,Female,1,2,Laboratory Technician,4,6674,0,No,3,1,80,10,6,3,9,8,1,4,Laboratory Operations,Quality Control,6,5
50,Travel_Rarely,Research & Development,3,Life Sciences,1317,4,Female,3,4,Research Director,1,16880,4,Yes,3,2,80,25,2,3,3,2,2,1,Research Leadership,Strategic Planning,6,5
40,Travel_Rarely,Sales,4,Marketing,1318,4,Male,2,3,Sales Executive,2,9094,2,Yes,3,3,80,9,2,3,5,4,1,2,Sales Strategy,CRM Tools,4,3
52,Travel_Rarely,Sales,3,Life Sciences,1319,2,Male,3,3,Sales Executive,2,8446,9,Yes,3,3,80,10,2,2,8,7,2,2,Sales Strategy,CRM Tools,7,6
30,Travel_Rarely,Research & Development,4,Medical,1321,2,Female,3,3,Manager,1,11916,1,Yes,4,4,80,9,2,3,9,1,1,2,People Management,Project Planning,5,4
39,Travel_Rarely,Research & Development,2,Life Sciences,1322,1,Male,3,2,Manufacturing Director,3,4534,0,No,3,1,80,9,6,3,8,7,1,3,Operations Management,Process Optimization,5,4
31,Non-Travel,Sales,4,Life Sciences,1324,4,Female,3,3,Sales Executive,3,9852,1,Yes,3,1,80,10,5,2,10,8,2,2,Sales Strategy,CRM Tools,7,6
41,Non-Travel,Sales,2,Medical,1329,3,Male,1,2,Sales Executive,2,6151,1,No,3,1,80,19,4,3,19,2,1,3,Sales Strategy,CRM Tools,5,4
31,Travel_Frequently,Sales,3,Life Sciences,1331,4,Female,3,1,Sales Representative,2,2302,1,Yes,3,1,80,3,2,4,3,2,0,1,Client Acquisition,Negotiation,2,1
44,Travel_Rarely,Research & Development,3,Life Sciences,1333,1,Male,3,1,Laboratory Technician,1,2362,4,No,3,3,80,10,4,4,3,2,2,2,Laboratory Operations,Quality Control,6,5
42,Non-Travel,Research & Development,1,Life Sciences,1334,3,Male,3,4,Manager,3,17861,0,Yes,3,4,80,21,3,2,20,8,2,1,People Management,Project Planning,7,6
55,Travel_Rarely,Research & Development,2,Medical,1336,4,Female,1,5,Manager,3,19187,4,No,3,4,80,23,5,3,19,9,2,1,People Management,Project Planning,7,6
56,Travel_Rarely,Human Resources,4,Life Sciences,1338,4,Male,3,5,Manager,2,19717,6,No,3,1,80,36,4,3,7,3,2,1,People Management,Project Planning,6,5
40,Non-Travel,Research & Development,2,Life Sciences,1340,3,Male,3,1,Research Scientist,3,3544,9,No,3,2,80,6,0,3,4,2,1,3,Data Analysis,Python,4,3
34,Travel_Rarely,Research & Development,3,Life Sciences,1344,4,Male,3,3,Healthcare Representative,4,8500,0,No,3,4,80,10,0,2,9,7,2,3,Medical Sales,Product Knowledge,7,6
40,Travel_Rarely,Research & Development,3,Life Sciences,1346,3,Male,3,2,Research Scientist,4,4661,1,No,3,3,80,9,4,3,9,8,1,4,Data Analysis,Python,5,4
41,Travel_Frequently,Sales,3,Marketing,1349,3,Female,3,2,Sales Executive,1,4103,0,No,3,4,80,10,2,3,9,3,1,3,Sales Strategy,CRM Tools,5,4
35,Travel_Frequently,Research & Development,4,Life Sciences,1350,3,Male,3,2,Research Scientist,3,4249,1,Yes,3,2,80,9,3,3,9,6,1,4,Data Analysis,Python,5,4
51,Travel_Rarely,Human Resources,3,Life Sciences,1352,3,Male,3,4,Manager,2,14026,1,Yes,3,2,80,33,2,3,33,9,2,1,People Management,Project Planning,7,6
38,Travel_Rarely,Sales,2,Life Sciences,1355,2,Female,3,2,Sales Executive,1,6893,3,No,3,4,80,11,3,3,7,7,1,4,Sales Strategy,CRM Tools,6,5
34,Travel_Rarely,Sales,2,Medical,1356,3,Female,3,2,Sales Executive,1,6125,1,No,3,4,80,10,6,4,10,8,1,4,Sales Strategy,CRM Tools,6,5
25,Travel_Rarely,Research & Development,1,Medical,1358,4,Male,3,1,Laboratory Technician,4,3669,3,No,3,3,80,7,6,2,3,2,1,2,Laboratory Operations,Quality Control,4,3
58,Travel_Rarely,Research & Development,4,Medical,1360,3,Female,2,3,Manufacturing Director,1,10008,7,Yes,3,4,80,31,0,2,10,9,2,1,Operations Management,Process Optimization,7,6
40,Travel_Rarely,Research & Development,4,Life Sciences,1361,2,Male,3,1,Laboratory Technician,2,2387,3,No,4,3,80,7,3,3,4,2,1,3,Laboratory Operations,Quality Control,5,4
36,Travel_Frequently,Sales,3,Marketing,1362,1,Female,4,2,Sales Executive,1,4639,2,No,3,4,80,17,2,2,15,7,1,4,Sales Strategy,CRM Tools,6,5
48,Travel_Rarely,Research & Development,3,Life Sciences,1363,4,Male,3,3,Manufacturing Director,4,7898,1,No,3,3,80,11,2,3,10,9,2,2,Operations Management,Process Optimization,7,6
27,Travel_Rarely,Sales,3,Medical,1364,3,Female,4,1,Sales Representative,4,2534,8,No,3,2,80,5,4,3,1,0,1,2,Client Acquisition,Negotiation,4,3
51,Travel_Rarely,Research & Development,2,Technical Degree,1367,4,Female,2,4,Manufacturing Director,2,13142,3,No,3,2,80,29,1,2,5,2,2,1,Operations Management,Process Optimization,6,5
18,Non-Travel,Research & Development,3,Life Sciences,1368,4,Female,3,1,Laboratory Technician,4,1611,1,No,3,3,80,0,5,4,0,0,0,1,Laboratory Operations,Quality Control,2,1
35,Travel_Rarely,Research & Development,3,Medical,1369,4,Female,2,2,Laboratory Technician,4,5363,0,No,3,2,80,10,0,3,9,7,1,4,Laboratory Operations,Quality Control,6,5
27,Travel_Frequently,Sales,1,Life Sciences,1371,4,Male,1,2,Sales Executive,4,5071,3,No,4,2,80,8,3,3,6,2,1,3,Sales Strategy,CRM Tools,5,4
55,Travel_Rarely,Sales,4,Marketing,1372,1,Male,4,4,Sales Executive,3,13695,6,Yes,3,3,80,24,2,2,19,7,2,1,Sales Strategy,CRM Tools,7,6
56,Travel_Rarely,Research & Development,3,Life Sciences,1373,4,Male,3,4,Manufacturing Director,2,13402,4,Yes,3,1,80,33,0,3,19,16,2,1,Operations Management,Process Optimization,7,6
34,Non-Travel,Research & Development,1,Technical Degree,1374,1,Female,2,1,Research Scientist,3,2029,1,No,4,3,80,5,2,3,5,4,1,4,Data Analysis,Python,5,4
40,Travel_Rarely,Research & Development,1,Medical,1375,2,Female,4,2,Healthcare Representative,3,6377,5,No,4,2,80,15,0,3,12,11,1,4,Medical Sales,Product Knowledge,7,6
34,Travel_Rarely,Research & Development,3,Medical,1377,2,Male,3,2,Laboratory Technician,3,5429,4,No,3,1,80,10,1,3,8,7,1,4,Laboratory Operations,Quality Control,6,5
31,Travel_Frequently,Sales,3,Life Sciences,1379,3,Female,2,1,Sales Representative,4,2785,7,No,3,3,80,3,3,4,1,0,0,1,Client Acquisition,Negotiation,2,1
35,Travel_Frequently,Sales,4,Marketing,1380,4,Female,3,2,Sales Executive,3,4614,0,Yes,3,3,80,5,0,2,4,2,1,1,Sales Strategy,CRM Tools,4,3
38,Travel_Frequently,Research & Development,3,Life Sciences,1382,4,Male,4,1,Research Scientist,3,2610,1,No,3,4,80,4,2,3,4,2,1,3,Data Analysis,Python,3,2
34,Travel_Rarely,Research & Development,4,Technical Degree,1383,3,Female,3,2,Healthcare Representative,4,6687,1,No,3,4,80,14,2,4,14,11,1,4,Medical Sales,Product Knowledge,6,5
28,Travel_Rarely,Sales,3,Life Sciences,1387,3,Male,2,2,Sales Executive,1,4724,1,No,3,3,80,5,0,3,5,3,1,2,Sales Strategy,CRM Tools,4,3
31,Travel_Rarely,Research & Development,4,Medical,1389,4,Male,3,2,Manufacturing Director,3,6179,1,Yes,3,4,80,10,3,2,10,2,1,1,Operations Management,Process Optimization,5,4
39,Travel_Rarely,Sales,4,Life Sciences,1390,1,Male,2,2,Sales Executive,4,6120,3,Yes,3,4,80,8,2,4,5,4,1,1,Sales Strategy,CRM Tools,4,3
51,Travel_Frequently,Sales,3,Marketing,1391,2,Male,3,3,Sales Executive,2,10596,2,No,3,2,80,14,5,3,4,2,2,2,Sales Strategy,CRM Tools,6,5
41,Travel_Frequently,Research & Development,3,Life Sciences,1392,4,Female,3,2,Research Scientist,4,5467,3,Yes,3,1,80,12,4,2,6,2,1,3,Data Analysis,Python,5,4
37,Travel_Rarely,Research & Development,1,Life Sciences,1394,3,Male,3,1,Research Scientist,3,2996,7,Yes,3,4,80,8,2,3,6,4,1,2,Data Analysis,Python,4,3
33,Travel_Frequently,Sales,1,Life Sciences,1395,2,Male,3,2,Sales Executive,4,9998,6,No,3,1,80,8,2,4,5,4,1,2,Sales Strategy,CRM Tools,4,3
32,Travel_Rarely,Sales,1,Marketing,1396,3,Male,3,2,Sales Executive,2,4078,0,Yes,3,1,80,4,3,2,3,2,1,1,Sales Strategy,CRM Tools,3,2
39,Non-Travel,Research & Development,2,Life Sciences,1397,3,Male,3,3,Healthcare Representative,3,10920,3,No,4,2,80,13,2,3,6,4,2,3,Medical Sales,Product Knowledge,7,6
25,Travel_Rarely,Sales,1,Life Sciences,1399,1,Male,4,2,Sales Executive,3,6232,2,No,3,2,80,6,3,2,3,2,1,2,Sales Strategy,CRM Tools,4,3
52,Travel_Frequently,Research & Development,2,Medical,1401,4,Female,4,4,Manufacturing Director,3,13247,2,Yes,3,2,80,24,3,2,5,3,2,1,Operations Management,Process Optimization,6,5
43,Travel_Rarely,Research & Development,3,Medical,1402,1,Female,2,2,Research Scientist,3,4081,1,Yes,3,1,80,20,3,1,20,7,1,4,Data Analysis,Python,6,5
27,Travel_Rarely,Sales,3,Marketing,1403,4,Female,2,2,Sales Executive,4,5769,1,Yes,3,4,80,6,3,3,6,2,1,1,Sales Strategy,CRM Tools,4,3
27,Travel_Rarely,Research & Development,4,Life Sciences,1405,4,Female,3,1,Research Scientist,3,2394,1,Yes,3,4,80,8,2,3,8,2,1,2,Data Analysis,Python,4,3
26,Travel_Rarely,Research & Development,1,Medical,1407,1,Male,2,1,Research Scientist,4,3904,0,No,3,4,80,5,2,3,4,3,1,3,Data Analysis,Python,4,3
42,Travel_Rarely,Human Resources,3,Human Resources,1408,3,Female,3,4,Manager,1,16799,0,No,3,3,80,21,5,3,20,7,2,1,People Management,Project Planning,7,6
52,Travel_Rarely,Research & Development,4,Other,1409,3,Female,3,1,Laboratory Technician,1,2950,9,No,3,3,80,12,2,1,5,4,2,2,Laboratory Operations,Quality Control,6,5
37,Travel_Rarely,Research & Development,3,Medical,1411,1,Female,3,1,Laboratory Technician,3,3629,4,No,3,1,80,8,6,3,3,2,1,2,Laboratory Operations,Quality Control,4,3
35,Travel_Frequently,Research & Development,2,Life Sciences,1412,3,Male,3,3,Manufacturing Director,4,9362,2,No,3,3,80,10,2,3,2,2,2,1,Operations Management,Process Optimization,6,5
25,Travel_Rarely,Research & Development,3,Technical Degree,1415,1,Male,3,1,Laboratory Technician,4,3229,4,No,3,2,80,7,2,2,3,2,1,2,Laboratory Operations,Quality Control,4,3
26,Travel_Rarely,Research & Development,3,Other,1417,3,Male,4,1,Laboratory Technician,1,3578,0,No,3,4,80,8,2,3,7,7,1,3,Laboratory Operations,Quality Control,5,4
29,Travel_Rarely,Human Resources,3,Other,1419,2,Male,2,3,Human Resources,1,7988,1,No,3,1,80,10,3,2,10,9,2,3,Talent Management,Employee Engagement,7,6
49,Travel_Frequently,Research & Development,2,Life Sciences,1420,1,Male,2,2,Laboratory Technician,1,4284,3,No,4,1,80,20,2,3,4,3,1,4,Laboratory Operations,Quality Control,6,5
29,Travel_Frequently,Research & Development,1,Other,1421,3,Female,3,3,Healthcare Representative,4,7553,0,Yes,3,1,80,9,1,3,8,7,1,3,Medical Sales,Product Knowledge,5,4
54,Travel_Rarely,Research & Development,3,Medical,1422,4,Female,3,4,Research Director,4,17328,6,No,3,4,80,29,3,2,20,7,2,2,Research Leadership,Strategic Planning,7,6
58,Travel_Rarely,Research & Development,3,Medical,1423,4,Female,3,5,Research Director,1,19701,3,Yes,4,3,80,32,3,3,9,8,2,2,Research Leadership,Strategic Planning,8,7
55,Travel_Rarely,Research & Development,4,Medical,1424,2,Male,4,4,Research Director,4,14732,2,No,3,4,80,31,4,4,7,7,2,2,Research Leadership,Strategic Planning,7,6
36,Travel_Rarely,Sales,4,Marketing,1425,1,Female,3,2,Sales Executive,2,9278,3,Yes,3,4,80,15,3,3,5,4,1,2,Sales Strategy,CRM Tools,5,4
31,Travel_Frequently,Sales,4,Life Sciences,1427,2,Female,1,1,Sales Representative,3,1359,1,No,3,2,80,1,3,3,1,0,0,1,Client Acquisition,Negotiation,2,1
30,Travel_Rarely,Sales,4,Marketing,1428,4,Female,3,2,Sales Executive,1,4779,7,No,3,2,80,8,3,3,3,2,1,2,Sales Strategy,CRM Tools,4,3
31,Travel_Rarely,Research & Development,5,Life Sciences,1430,1,Female,3,4,Research Director,2,16422,3,No,3,3,80,9,3,4,3,2,1,2,Research Leadership,Strategic Planning,4,3
34,Travel_Frequently,Research & Development,4,Other,1431,4,Male,3,1,Research Scientist,1,2996,5,No,3,3,80,10,2,3,4,3,2,3,Data Analysis,Python,6,5
31,Travel_Rarely,Research & Development,3,Life Sciences,1433,1,Female,2,1,Research Scientist,2,1261,1,No,3,3,80,1,3,4,1,0,0,2,Data Analysis,Python,2,1
27,Travel_Rarely,Research & Development,1,Life Sciences,1434,2,Male,3,1,Laboratory Technician,1,2099,0,No,3,2,80,6,3,4,5,0,1,2,Laboratory Operations,Quality Control,4,3
36,Travel_Rarely,Research & Development,4,Life Sciences,1435,1,Male,2,2,Laboratory Technician,4,5810,1,No,3,3,80,10,2,2,10,4,1,3,Laboratory Operations,Quality Control,5,4
36,Travel_Rarely,Sales,4,Marketing,1436,3,Female,2,2,Sales Executive,1,5647,4,No,3,1,80,11,3,2,3,2,1,3,Sales Strategy,CRM Tools,5,4
47,Travel_Rarely,Research & Development,3,Technical Degree,1438,1,Male,3,1,Research Scientist,4,3420,7,No,3,3,80,17,2,2,6,5,2,4,Data Analysis,Python,7,6
25,Travel_Rarely,Sales,2,Life Sciences,1439,1,Male,2,1,Sales Representative,1,4400,3,No,3,1,80,6,2,3,3,2,1,2,Client Acquisition,Negotiation,4,3
37,Non-Travel,Research & Development,2,Technical Degree,1440,3,Male,4,1,Laboratory Technician,3,3500,0,No,3,1,80,7,2,1,6,5,1,3,Laboratory Operations,Quality Control,5,4
56,Travel_Rarely,Research & Development,2,Life Sciences,1441,1,Female,3,1,Research Scientist,1,2066,2,No,4,4,80,5,3,4,3,2,1,4,Data Analysis,Python,5,4
47,Travel_Rarely,Research & Development,4,Medical,1443,1,Female,3,4,Research Director,3,17169,3,No,3,2,80,26,2,4,20,17,2,2,Research Leadership,Strategic Planning,7,6
24,Travel_Rarely,Sales,1,Medical,1445,4,Female,3,2,Sales Executive,3,4162,1,Yes,3,3,80,5,3,3,5,4,1,1,Sales Strategy,CRM Tools,4,3
32,Travel_Rarely,Sales,5,Marketing,1446,4,Male,3,2,Sales Executive,4,9204,4,No,3,3,80,7,3,2,4,3,1,2,Sales Strategy,CRM Tools,4,3
34,Travel_Rarely,Research & Development,3,Life Sciences,1447,4,Female,2,1,Laboratory Technician,2,3294,5,No,3,1,80,7,2,2,5,4,1,2,Laboratory Operations,Quality Control,4,3
41,Travel_Rarely,Research & Development,5,Medical,1448,2,Male,4,1,Research Scientist,3,2127,2,Yes,3,1,80,7,5,2,4,2,1,2,Data Analysis,Python,4,3
40,Non-Travel,Research & Development,4,Other,1449,3,Male,3,2,Laboratory Technician,3,3975,3,No,3,3,80,11,2,4,8,7,1,4,Laboratory Operations,Quality Control,6,5
31,Travel_Rarely,Sales,2,Life Sciences,1453,1,Male,3,3,Sales Executive,4,10793,1,No,3,1,80,13,5,3,13,7,2,3,Sales Strategy,CRM Tools,7,6
46,Travel_Rarely,Sales,3,Marketing,1457,1,Male,3,3,Sales Executive,4,10096,4,No,3,1,80,28,1,4,7,7,2,3,Sales Strategy,CRM Tools,7,6
39,Non-Travel,Research & Development,3,Life Sciences,1458,1,Female,2,1,Laboratory Technician,1,3646,2,Yes,4,2,80,11,2,4,1,0,2,2,Laboratory Operations,Quality Control,7,6
31,Travel_Frequently,Research & Development,5,Life Sciences,1459,3,Female,4,3,Manufacturing Director,2,7446,1,No,3,1,80,10,2,3,10,8,2,2,Operations Management,Process Optimization,7,6
45,Travel_Rarely,Research & Development,3,Medical,1460,2,Male,1,3,Healthcare Representative,1,10851,2,Yes,3,2,80,24,2,3,7,7,2,2,Medical Sales,Product Knowledge,7,6
31,Travel_Rarely,Human Resources,2,Medical,1461,4,Female,4,1,Human Resources,2,2109,9,No,3,4,80,8,3,3,3,2,1,2,Talent Management,Employee Engagement,4,3
31,Travel_Frequently,Research & Development,3,Life Sciences,1464,2,Male,3,1,Laboratory Technician,4,3722,6,Yes,3,3,80,7,2,1,2,2,1,1,Laboratory Operations,Quality Control,4,3
45,Travel_Rarely,Research & Development,3,Technical Degree,1465,2,Male,3,3,Manufacturing Director,4,9380,4,Yes,3,4,80,10,4,4,3,1,2,1,Operations Management,Process Optimization,6,5
48,Travel_Rarely,Sales,3,Marketing,1466,3,Male,3,2,Sales Executive,1,5486,4,No,3,1,80,15,3,3,2,2,1,3,Sales Strategy,CRM Tools,5,4
34,Travel_Rarely,Human Resources,4,Technical Degree,1467,1,Female,3,1,Human Resources,3,2742,1,No,3,4,80,2,0,3,2,2,0,1,Talent Management,Employee Engagement,2,1
40,Non-Travel,Research & Development,1,Medical,1468,4,Male,2,3,Research Director,2,13757,2,No,3,3,80,16,5,3,9,8,2,3,Research Leadership,Strategic Planning,7,6
28,Travel_Rarely,Sales,3,Medical,1469,4,Male,3,2,Sales Executive,1,8463,0,No,3,4,80,6,4,3,5,4,1,2,Sales Strategy,CRM Tools,4,3
44,Non-Travel,Research & Development,3,Life Sciences,1471,3,Male,2,1,Laboratory Technician,3,3162,3,No,3,4,80,7,5,3,5,2,1,2,Laboratory Operations,Quality Control,4,3
53,Travel_Rarely,Research & Development,3,Medical,1472,4,Male,4,4,Research Director,2,16598,4,No,3,2,80,35,2,2,9,8,2,2,Research Leadership,Strategic Planning,7,6
49,Travel_Rarely,Research & Development,4,Technical Degree,1473,1,Male,3,2,Healthcare Representative,3,6651,2,No,3,2,80,20,0,2,3,2,1,3,Medical Sales,Product Knowledge,5,4
40,Travel_Rarely,Research & Development,3,Medical,1474,3,Male,3,1,Research Scientist,3,2345,2,No,3,3,80,8,3,4,3,1,1,3,Data Analysis,Python,4,3
44,Travel_Rarely,Research & Development,3,Life Sciences,1475,4,Male,3,1,Research Scientist,2,3420,1,No,3,3,80,6,3,2,5,2,1,3,Data Analysis,Python,4,3
33,Travel_Frequently,Sales,3,Medical,1477,4,Male,3,2,Sales Executive,1,4373,0,No,3,1,80,5,2,3,4,3,1,2,Sales Strategy,CRM Tools,4,3
34,Travel_Rarely,Sales,3,Other,1478,4,Male,1,2,Sales Executive,1,4759,3,No,3,4,80,15,2,3,13,9,1,4,Sales Strategy,CRM Tools,6,5
30,Travel_Rarely,Sales,1,Life Sciences,1479,4,Male,3,2,Sales Executive,3,5301,8,No,3,3,80,4,2,2,2,1,1,2,Sales Strategy,CRM Tools,3,2
42,Travel_Frequently,Research & Development,2,Medical,1480,1,Female,3,1,Laboratory Technician,4,3673,1,No,3,3,80,12,3,3,12,9,2,3,Laboratory Operations,Quality Control,7,6
44,Travel_Frequently,Sales,5,Marketing,1481,1,Female,3,2,Sales Executive,3,4768,7,No,3,3,80,11,4,2,1,0,1,3,Sales Strategy,CRM Tools,5,4
30,Non-Travel,Research & Development,3,Technical Degree,1482,3,Male,3,1,Research Scientist,3,1274,1,No,3,2,80,1,2,2,1,0,0,2,Data Analysis,Python,2,1
57,Travel_Rarely,Research & Development,2,Life Sciences,1483,2,Male,4,2,Research Scientist,3,4900,0,No,4,1,80,13,2,2,12,9,1,4,Data Analysis,Python,7,6
49,Travel_Rarely,Research & Development,4,Life Sciences,1484,3,Male,3,3,Healthcare Representative,2,10466,3,No,3,2,80,29,3,3,8,7,2,3,Medical Sales,Product Knowledge,7,6
34,Travel_Frequently,Research & Development,3,Medical,1485,2,Male,3,4,Research Director,1,17007,7,No,3,4,80,16,3,2,14,8,2,2,Research Leadership,Strategic Planning,7,6
28,Travel_Frequently,Sales,3,Technical Degree,1486,1,Male,3,1,Sales Representative,3,2909,3,No,3,4,80,5,3,4,3,2,1,2,Client Acquisition,Negotiation,4,3
29,Travel_Frequently,Sales,3,Technical Degree,1487,1,Female,3,2,Sales Executive,2,5765,5,No,3,1,80,7,4,1,5,3,1,2,Sales Strategy,CRM Tools,4,3
34,Travel_Rarely,Sales,4,Medical,1489,1,Female,2,2,Sales Executive,2,4599,0,Yes,4,3,80,16,2,4,15,9,1,4,Sales Strategy,CRM Tools,7,6
35,Travel_Rarely,Sales,1,Life Sciences,1492,4,Male,3,1,Sales Representative,3,2404,1,No,3,1,80,1,3,3,1,0,0,1,Client Acquisition,Negotiation,2,1
24,Travel_Frequently,Research & Development,3,Medical,1494,2,Male,3,1,Laboratory Technician,1,3172,2,Yes,3,3,80,4,2,2,0,0,1,1,Laboratory Operations,Quality Control,3,2
24,Non-Travel,Sales,2,Life Sciences,1495,4,Female,3,1,Sales Representative,2,2033,1,No,3,3,80,1,2,3,1,0,0,1,Client Acquisition,Negotiation,2,1
44,Travel_Frequently,Research & Development,1,Medical,1496,2,Male,3,3,Manufacturing Director,3,10209,5,Yes,3,2,80,16,2,2,2,2,2,1,Operations Management,Process Optimization,6,5
29,Travel_Rarely,Sales,3,Life Sciences,1497,3,Male,2,2,Sales Executive,3,8620,1,No,3,3,80,10,3,3,10,7,1,4,Sales Strategy,CRM Tools,6,5
30,Travel_Rarely,Human Resources,3,Life Sciences,1499,3,Male,3,1,Human Resources,3,2064,0,No,4,1,80,6,3,4,5,3,1,3,Talent Management,Employee Engagement,5,4
55,Travel_Rarely,Research & Development,4,Life Sciences,1501,4,Male,3,2,Healthcare Representative,3,4035,0,Yes,3,2,80,4,2,3,3,2,1,1,Medical Sales,Product Knowledge,3,2
33,Travel_Rarely,Research & Development,4,Medical,1502,1,Female,2,1,Laboratory Technician,2,3838,8,No,3,4,80,8,5,3,5,4,1,2,Laboratory Operations,Quality Control,4,3
47,Travel_Rarely,Sales,3,Medical,1503,3,Female,3,2,Sales Executive,3,4591,3,Yes,3,3,80,11,4,2,5,4,1,2,Sales Strategy,CRM Tools,5,4
28,Travel_Frequently,Research & Development,2,Medical,1504,3,Male,2,1,Laboratory Technician,1,2561,7,No,3,3,80,8,2,2,0,0,1,2,Laboratory Operations,Quality Control,4,3
28,Travel_Rarely,Research & Development,3,Life Sciences,1506,1,Male,2,1,Research Scientist,3,1563,1,No,3,4,80,1,2,1,1,0,0,2,Data Analysis,Python,2,1
28,Travel_Frequently,Sales,3,Life Sciences,1507,3,Male,3,2,Sales Executive,1,4898,0,No,3,4,80,5,5,3,4,2,1,2,Sales Strategy,CRM Tools,4,3
49,Travel_Rarely,Research & Development,2,Medical,1509,3,Female,2,2,Laboratory Technician,1,4789,4,No,4,1,80,10,3,3,3,2,1,4,Laboratory Operations,Quality Control,6,5
29,Travel_Frequently,Research & Development,1,Life Sciences,1513,4,Female,3,1,Laboratory Technician,2,3180,0,No,3,3,80,4,3,3,3,2,1,2,Laboratory Operations,Quality Control,3,2
28,Travel_Rarely,Research & Development,1,Life Sciences,1514,3,Male,1,2,Manufacturing Director,2,6549,1,No,3,2,80,8,2,2,8,6,1,2,Operations Management,Process Optimization,5,4
33,Travel_Rarely,Research & Development,5,Life Sciences,1515,4,Male,3,2,Healthcare Representative,3,6388,2,Yes,3,1,80,14,6,3,0,0,1,2,Medical Sales,Product Knowledge,5,4
32,Travel_Rarely,Research & Development,3,Medical,1516,3,Male,3,3,Manager,4,11244,2,No,4,2,80,10,5,4,5,2,2,2,People Management,Project Planning,7,6
54,Travel_Frequently,Research & Development,4,Medical,1520,2,Female,3,4,Manager,4,16032,3,No,4,1,80,26,2,3,14,9,2,2,People Management,Project Planning,8,7
29,Travel_Rarely,Research & Development,4,Technical Degree,1522,1,Male,2,1,Research Scientist,1,2362,6,No,3,3,80,11,2,1,9,7,2,4,Data Analysis,Python,7,6
44,Travel_Rarely,Research & Development,3,Life Sciences,1523,4,Male,3,4,Research Director,1,16328,3,No,3,3,80,24,1,4,20,6,2,2,Research Leadership,Strategic Planning,7,6
39,Travel_Rarely,Research & Development,3,Life Sciences,1525,2,Female,3,3,Manufacturing Director,2,8376,4,No,3,4,80,9,3,3,2,0,1,2,Operations Management,Process Optimization,4,3
46,Travel_Rarely,Sales,3,Life Sciences,1527,3,Female,3,4,Manager,2,16606,8,No,3,4,80,23,2,4,13,12,2,1,People Management,Project Planning,7,6
35,Travel_Rarely,Research & Development,3,Life Sciences,1529,4,Female,2,3,Healthcare Representative,2,8606,1,No,3,4,80,11,3,1,11,8,2,3,Medical Sales,Product Knowledge,7,6
23,Travel_Rarely,Research & Development,1,Life Sciences,1533,1,Male,3,2,Laboratory Technician,3,2272,0,No,3,2,80,5,2,3,4,3,1,2,Laboratory Operations,Quality Control,4,3
40,Travel_Rarely,Research & Development,4,Life Sciences,1534,4,Male,3,1,Laboratory Technician,1,2018,3,No,3,2,80,15,3,1,5,4,2,2,Laboratory Operations,Quality Control,6,5
34,Travel_Rarely,Sales,3,Technical Degree,1535,4,Male,2,3,Sales Executive,3,7083,1,Yes,3,4,80,10,3,3,10,9,2,2,Sales Strategy,CRM Tools,7,6
31,Travel_Frequently,Research & Development,3,Life Sciences,1537,4,Female,3,1,Research Scientist,3,4084,1,No,3,1,80,7,2,1,7,2,1,3,Data Analysis,Python,4,3
50,Travel_Frequently,Research & Development,5,Medical,1539,3,Male,1,4,Research Director,4,14411,1,Yes,3,4,80,32,2,3,32,6,2,1,Research Leadership,Strategic Planning,7,6
34,Travel_Rarely,Sales,2,Technical Degree,1541,2,Male,3,1,Sales Representative,3,2308,0,Yes,4,2,80,12,4,3,11,10,2,3,Client Acquisition,Negotiation,8,7
42,Travel_Rarely,Research & Development,3,Medical,1542,3,Male,2,1,Laboratory Technician,2,4841,4,No,3,2,80,4,3,3,1,0,1,2,Laboratory Operations,Quality Control,3,2
37,Travel_Rarely,Research & Development,3,Medical,1543,1,Male,3,2,Research Scientist,4,4285,1,No,3,1,80,10,2,3,10,8,1,4,Data Analysis,Python,6,5
29,Travel_Rarely,Research & Development,1,Other,1544,3,Female,1,2,Healthcare Representative,1,9715,3,No,3,3,80,9,3,3,7,7,1,4,Medical Sales,Product Knowledge,5,4
33,Travel_Rarely,Research & Development,3,Life Sciences,1545,4,Male,2,2,Manufacturing Director,2,4320,1,No,3,4,80,5,2,3,5,3,1,1,Operations Management,Process Optimization,4,3
45,Travel_Rarely,Research & Development,3,Technical Degree,1546,4,Male,3,1,Research Scientist,4,2132,4,No,4,4,80,8,3,3,5,4,1,4,Data Analysis,Python,5,4
42,Travel_Frequently,Research & Development,3,Life Sciences,1547,4,Male,3,3,Healthcare Representative,4,10124,2,Yes,3,3,80,24,3,1,20,8,2,2,Medical Sales,Product Knowledge,7,6
40,Travel_Rarely,Sales,2,Medical,1548,1,Male,3,2,Sales Executive,1,5473,0,No,3,4,80,9,5,4,8,4,1,3,Sales Strategy,CRM Tools,4,3
33,Travel_Rarely,Research & Development,4,Life Sciences,1549,2,Male,3,2,Laboratory Technician,3,5207,1,Yes,3,2,80,15,3,3,15,14,1,3,Laboratory Operations,Quality Control,6,5
40,Travel_Rarely,Human Resources,2,Medical,1550,3,Male,3,4,Manager,4,16437,1,Yes,4,4,80,21,2,3,21,7,2,1,People Management,Project Planning,8,7
24,Travel_Rarely,Research & Development,2,Technical Degree,1551,3,Male,2,1,Laboratory Technician,1,2296,0,No,3,2,80,2,3,3,1,1,0,1,Laboratory Operations,Quality Control,2,1
40,Non-Travel,Research & Development,2,Life Sciences,1552,4,Male,3,2,Healthcare Representative,4,4069,3,Yes,3,3,80,8,2,3,2,2,1,1,Medical Sales,Product Knowledge,4,3
45,Travel_Rarely,Research & Development,4,Technical Degree,1553,1,Male,3,3,Healthcare Representative,2,7441,1,No,3,1,80,10,4,3,10,8,2,3,Medical Sales,Product Knowledge,7,6
35,Travel_Rarely,Sales,4,Life Sciences,1554,2,Female,2,1,Sales Representative,3,2430,0,No,4,1,80,6,5,3,5,3,1,3,Client Acquisition,Negotiation,5,4
32,Travel_Rarely,Research & Development,2,Life Sciences,1555,4,Female,2,2,Research Scientist,2,5878,3,No,3,1,80,12,2,3,7,1,1,4,Data Analysis,Python,5,4
36,Travel_Rarely,Sales,4,Life Sciences,1556,3,Male,3,1,Sales Representative,4,2644,3,Yes,4,4,80,7,3,2,3,2,1,2,Client Acquisition,Negotiation,5,4
48,Travel_Rarely,Sales,4,Life Sciences,1557,3,Female,3,2,Sales Executive,3,6439,8,No,3,3,80,18,2,3,8,7,1,4,Sales Strategy,CRM Tools,6,5
29,Travel_Rarely,Research & Development,3,Life Sciences,1558,3,Male,4,1,Research Scientist,3,2451,6,No,3,1,80,5,2,2,1,0,1,3,Data Analysis,Python,4,3
33,Travel_Rarely,Sales,4,Life Sciences,1560,1,Male,3,2,Sales Executive,1,6392,2,No,3,4,80,8,6,1,2,2,1,2,Sales Strategy,CRM Tools,4,3
30,Travel_Rarely,Sales,3,Life Sciences,1562,2,Male,2,2,Sales Executive,1,9714,1,No,3,4,80,10,4,3,10,8,1,4,Sales Strategy,CRM Tools,6,5
38,Travel_Frequently,Human Resources,4,Human Resources,1563,3,Male,3,2,Human Resources,3,6077,3,No,3,3,80,10,2,3,6,3,1,3,Talent Management,Employee Engagement,5,4
35,Travel_Rarely,Research & Development,3,Medical,1564,4,Male,2,1,Laboratory Technician,1,2450,1,No,3,2,80,3,3,3,3,0,0,1,Laboratory Operations,Quality Control,2,1
30,Travel_Rarely,Sales,4,Technical Degree,1568,3,Male,3,3,Sales Executive,2,9250,3,No,3,2,80,9,3,3,4,2,1,3,Sales Strategy,CRM Tools,4,3
35,Travel_Rarely,Research & Development,3,Life Sciences,1569,1,Female,3,1,Laboratory Technician,1,2074,1,Yes,3,4,80,1,2,3,1,0,0,1,Laboratory Operations,Quality Control,2,1
53,Travel_Rarely,Research & Development,5,Technical Degree,1572,3,Female,2,3,Manufacturing Director,4,10169,0,No,3,2,80,34,4,3,33,7,2,2,Operations Management,Process Optimization,7,6
38,Travel_Rarely,Research & Development,3,Medical,1573,3,Male,3,2,Manufacturing Director,2,4855,4,No,3,1,80,7,2,3,5,2,1,1,Operations Management,Process Optimization,4,3
32,Non-Travel,Research & Development,4,Technical Degree,1574,4,Male,3,2,Research Scientist,1,4087,4,No,3,2,80,9,3,2,6,5,1,4,Data Analysis,Python,5,4
48,Travel_Rarely,Research & Development,4,Other,1576,3,Female,3,1,Research Scientist,1,2367,8,No,3,4,80,10,3,2,8,2,2,3,Data Analysis,Python,6,5
34,Travel_Rarely,Research & Development,4,Medical,1577,1,Male,3,1,Research Scientist,4,2972,1,No,3,3,80,1,4,1,1,0,0,2,Data Analysis,Python,2,1
55,Travel_Rarely,Sales,5,Marketing,1578,3,Male,2,5,Manager,4,19586,1,No,4,3,80,36,3,3,36,6,2,2,People Management,Project Planning,8,7
34,Travel_Rarely,Research & Development,4,Life Sciences,1580,2,Male,3,2,Research Scientist,4,5484,9,No,3,2,80,9,3,2,2,2,1,4,Data Analysis,Python,4,3
26,Travel_Rarely,Research & Development,3,Life Sciences,1581,1,Female,3,1,Research Scientist,4,2061,1,No,4,1,80,1,5,3,1,0,0,3,Data Analysis,Python,3,2
38,Travel_Rarely,Sales,3,Life Sciences,1582,3,Male,3,2,Sales Executive,2,9924,0,No,3,4,80,10,3,3,9,8,1,4,Sales Strategy,CRM Tools,6,5
38,Travel_Rarely,Sales,3,Life Sciences,1583,2,Female,3,2,Sales Executive,2,4198,2,No,3,2,80,8,5,4,3,2,1,2,Sales Strategy,CRM Tools,4,3
36,Travel_Rarely,Sales,4,Life Sciences,1585,2,Female,3,2,Sales Executive,3,6815,6,No,3,1,80,15,5,3,1,0,1,3,Sales Strategy,CRM Tools,5,4
29,Travel_Rarely,Research & Development,1,Medical,1586,2,Male,3,1,Laboratory Technician,1,4723,1,Yes,3,4,80,10,3,3,10,9,2,2,Laboratory Operations,Quality Control,7,6
35,Travel_Rarely,Research & Development,4,Medical,1587,1,Female,3,2,Healthcare Representative,3,6142,3,Yes,3,3,80,10,4,3,5,2,1,2,Medical Sales,Product Knowledge,5,4
39,Travel_Rarely,Sales,3,Medical,1588,4,Male,4,3,Sales Executive,3,8237,2,No,3,1,80,11,3,3,7,6,2,3,Sales Strategy,CRM Tools,7,6
29,Travel_Frequently,Research & Development,1,Life Sciences,1590,1,Male,3,2,Healthcare Representative,4,8853,1,No,3,4,80,6,0,4,6,4,1,2,Medical Sales,Product Knowledge,4,3
50,Travel_Rarely,Sales,3,Marketing,1591,3,Male,3,5,Manager,3,19331,4,Yes,3,3,80,27,2,3,1,0,2,1,People Management,Project Planning,6,5
23,Travel_Rarely,Research & Development,3,Technical Degree,1592,4,Male,4,1,Research Scientist,3,2073,2,No,3,4,80,4,2,3,2,2,1,3,Data Analysis,Python,3,2
36,Travel_Frequently,Research & Development,4,Life Sciences,1594,1,Male,4,2,Laboratory Technician,1,5562,3,Yes,3,4,80,9,3,3,3,2,1,2,Laboratory Operations,Quality Control,4,3
42,Travel_Rarely,Research & Development,2,Other,1595,4,Male,2,5,Manager,4,19613,8,No,4,4,80,24,2,3,1,0,2,1,People Management,Project Planning,7,6
35,Travel_Rarely,Research & Development,3,Life Sciences,1596,2,Male,4,2,Laboratory Technician,3,3407,1,No,3,4,80,10,3,2,10,9,1,4,Laboratory Operations,Quality Control,6,5
34,Travel_Frequently,Research & Development,4,Technical Degree,1597,4,Male,2,2,Healthcare Representative,3,5063,1,No,3,2,80,8,3,2,8,2,1,2,Medical Sales,Product Knowledge,4,3
40,Travel_Rarely,Sales,2,Life Sciences,1598,4,Female,3,2,Sales Executive,1,4639,1,No,3,3,80,5,2,3,5,4,1,2,Sales Strategy,CRM Tools,4,3
43,Travel_Rarely,Research & Development,3,Technical Degree,1599,4,Male,4,1,Laboratory Technician,2,4876,5,No,3,3,80,8,0,3,6,4,1,2,Laboratory Operations,Quality Control,4,3
35,Travel_Rarely,Research & Development,2,Life Sciences,1601,3,Male,2,1,Laboratory Technician,4,2690,1,No,3,4,80,1,5,2,1,0,0,1,Laboratory Operations,Quality Control,2,1
46,Travel_Rarely,Sales,4,Life Sciences,1602,4,Male,4,4,Manager,1,17567,1,No,3,2,80,27,5,1,26,0,2,1,People Management,Project Planning,6,5
28,Travel_Rarely,Research & Development,3,Medical,1604,3,Male,3,1,Laboratory Technician,2,2408,1,Yes,3,3,80,1,3,3,1,1,0,1,Laboratory Operations,Quality Control,2,1
22,Non-Travel,Research & Development,2,Other,1605,2,Female,2,1,Research Scientist,3,2814,1,Yes,3,2,80,4,2,2,4,2,1,2,Data Analysis,Python,3,2
50,Travel_Frequently,Research & Development,5,Medical,1606,2,Male,3,4,Healthcare Representative,3,11245,2,Yes,3,3,80,32,3,3,30,8,2,1,Medical Sales,Product Knowledge,7,6
32,Travel_Rarely,Research & Development,4,Other,1607,2,Female,4,1,Research Scientist,4,3312,3,No,3,4,80,6,3,3,3,2,1,3,Data Analysis,Python,4,3
44,Travel_Rarely,Research & Development,3,Medical,1608,2,Female,3,5,Research Director,4,19049,0,Yes,3,4,80,23,4,2,22,7,2,1,Research Leadership,Strategic Planning,7,6
30,Travel_Rarely,Research & Development,3,Medical,1609,2,Male,2,1,Research Scientist,2,2141,1,No,3,2,80,6,3,2,6,4,1,3,Data Analysis,Python,4,3
45,Travel_Rarely,Research & Development,5,Medical,1611,3,Female,1,2,Laboratory Technician,1,5769,1,Yes,3,1,80,10,3,3,10,7,1,3,Laboratory Operations,Quality Control,6,5
45,Non-Travel,Sales,3,Marketing,1612,1,Male,2,2,Sales Executive,1,4385,1,No,3,1,80,10,2,3,10,7,1,4,Sales Strategy,CRM Tools,6,5
31,Travel_Frequently,Sales,4,Other,1613,4,Male,3,2,Sales Executive,1,5332,7,No,3,4,80,10,3,3,5,2,1,3,Sales Strategy,CRM Tools,5,4
36,Travel_Rarely,Research & Development,4,Life Sciences,1614,3,Female,3,2,Manufacturing Director,3,4663,9,Yes,3,2,80,7,2,3,3,2,1,1,Operations Management,Process Optimization,4,3
34,Travel_Frequently,Research & Development,4,Life Sciences,1615,3,Male,4,2,Manufacturing Director,4,4724,1,No,3,1,80,9,3,3,9,7,1,3,Operations Management,Process Optimization,5,4
49,Travel_Rarely,Research & Development,4,Life Sciences,1617,3,Female,3,1,Laboratory Technician,1,3211,1,No,3,4,80,10,3,2,9,6,2,3,Laboratory Operations,Quality Control,7,6
39,Travel_Rarely,Research & Development,5,Medical,1618,2,Male,3,2,Manufacturing Director,1,5377,2,No,3,4,80,10,3,3,7,7,1,3,Operations Management,Process Optimization,6,5
27,Travel_Rarely,Research & Development,3,Other,1619,4,Male,2,1,Laboratory Technician,1,4066,1,No,3,1,80,7,3,3,7,7,1,3,Laboratory Operations,Quality Control,5,4
35,Travel_Rarely,Research & Development,5,Life Sciences,1621,2,Male,4,2,Research Scientist,1,5208,1,No,3,4,80,16,2,3,16,15,1,4,Data Analysis,Python,6,5
28,Travel_Rarely,Research & Development,3,Medical,1622,2,Female,1,2,Manufacturing Director,1,4877,0,No,4,2,80,6,5,2,5,3,1,2,Operations Management,Process Optimization,5,4
21,Travel_Rarely,Research & Development,1,Medical,1623,3,Male,3,1,Research Scientist,4,3117,1,No,3,3,80,3,2,3,2,2,0,2,Data Analysis,Python,2,1
18,Travel_Frequently,Sales,2,Medical,1624,2,Female,3,1,Sales Representative,4,1569,1,Yes,3,3,80,0,2,4,0,0,0,1,Client Acquisition,Negotiation,2,1
47,Travel_Rarely,Human Resources,4,Life Sciences,1625,4,Female,3,5,Manager,3,19658,3,No,3,3,80,27,2,3,5,2,2,1,People Management,Project Planning,6,5
39,Travel_Rarely,Research & Development,2,Medical,1627,3,Male,2,2,Laboratory Technician,3,3069,0,No,3,4,80,11,3,3,10,8,1,4,Laboratory Operations,Quality Control,6,5
40,Travel_Rarely,Research & Development,3,Life Sciences,1628,1,Female,2,3,Manufacturing Director,3,10435,1,No,3,4,80,18,2,3,18,15,2,2,Operations Management,Process Optimization,7,6
35,Non-Travel,Research & Development,4,Life Sciences,1630,3,Female,3,2,Healthcare Representative,3,4148,1,No,3,4,80,15,5,3,14,11,1,4,Medical Sales,Product Knowledge,6,5
37,Travel_Rarely,Research & Development,3,Life Sciences,1631,3,Male,3,2,Manufacturing Director,3,5768,3,No,3,1,80,9,2,2,4,3,1,2,Operations Management,Process Optimization,4,3
39,Travel_Frequently,Research & Development,3,Medical,1633,1,Female,3,2,Manufacturing Director,3,5042,0,No,3,4,80,10,2,1,9,2,1,2,Operations Management,Process Optimization,5,4
45,Travel_Rarely,Research & Development,2,Other,1635,4,Female,2,2,Manufacturing Director,4,5770,1,No,3,1,80,10,3,3,10,7,1,3,Operations Management,Process Optimization,6,5
38,Travel_Rarely,Research & Development,2,Medical,1638,4,Female,2,3,Manufacturing Director,3,7756,3,Yes,3,4,80,10,6,4,5,4,2,1,Operations Management,Process Optimization,6,5
35,Travel_Rarely,Sales,3,Medical,1639,4,Male,2,3,Sales Executive,1,10306,9,No,3,3,80,15,3,3,13,12,2,3,Sales Strategy,CRM Tools,7,6
37,Travel_Rarely,Research & Development,3,Medical,1640,2,Female,3,1,Research Scientist,2,3936,1,No,3,1,80,8,2,1,8,4,1,3,Data Analysis,Python,4,3
40,Travel_Rarely,Research & Development,3,Life Sciences,1641,3,Female,3,3,Manufacturing Director,4,7945,6,Yes,3,4,80,18,2,2,4,2,2,1,Operations Management,Process Optimization,6,5
44,Travel_Frequently,Human Resources,5,Human Resources,1642,1,Male,3,2,Human Resources,4,5743,4,Yes,3,3,80,14,3,3,10,7,1,3,Talent Management,Employee Engagement,6,5
48,Travel_Frequently,Research & Development,5,Medical,1644,3,Male,2,4,Manager,4,15202,2,No,4,2,80,23,3,3,2,2,2,1,People Management,Project Planning,7,6
35,Travel_Rarely,Sales,2,Medical,1645,1,Male,1,2,Sales Executive,4,5440,6,Yes,3,4,80,7,2,2,2,2,1,1,Sales Strategy,CRM Tools,4,3
24,Travel_Frequently,Research & Development,1,Technical Degree,1646,1,Female,3,1,Research Scientist,4,3760,1,Yes,3,3,80,6,2,3,6,3,1,2,Data Analysis,Python,4,3
27,Travel_Rarely,Research & Development,3,Medical,1647,2,Female,4,1,Research Scientist,3,3517,7,No,3,1,80,5,0,3,3,2,1,3,Data Analysis,Python,4,3
27,Travel_Frequently,Research & Development,3,Medical,1648,4,Male,3,1,Research Scientist,4,2580,2,No,3,3,80,6,0,2,4,2,1,3,Data Analysis,Python,4,3
40,Travel_Rarely,Research & Development,3,Life Sciences,1649,1,Male,3,1,Laboratory Technician,1,2166,3,Yes,3,2,80,10,3,1,4,2,2,1,Laboratory Operations,Quality Control,6,5
29,Travel_Rarely,Sales,3,Medical,1650,3,Male,2,2,Sales Executive,3,5869,9,No,3,3,80,8,2,3,5,2,1,2,Sales Strategy,CRM Tools,4,3
36,Travel_Rarely,Research & Development,4,Life Sciences,1651,2,Female,3,3,Healthcare Representative,1,8008,4,No,3,3,80,9,6,3,3,2,1,3,Medical Sales,Product Knowledge,4,3
25,Travel_Frequently,Research & Development,1,Life Sciences,1653,4,Male,4,2,Manufacturing Director,3,5206,1,No,3,3,80,7,6,3,7,7,1,2,Operations Management,Process Optimization,5,4
39,Travel_Rarely,Research & Development,3,Medical,1654,4,Male,3,2,Manufacturing Director,2,5295,4,No,4,3,80,7,3,3,5,4,1,2,Operations Management,Process Optimization,5,4
49,Travel_Rarely,Research & Development,4,Other,1655,1,Female,3,4,Research Director,2,16413,3,No,3,2,80,27,2,3,4,2,2,1,Research Leadership,Strategic Planning,6,5
50,Travel_Rarely,Research & Development,5,Life Sciences,1656,4,Female,2,3,Research Director,1,13269,5,No,3,3,80,19,3,3,14,11,2,3,Research Leadership,Strategic Planning,7,6
20,Travel_Rarely,Sales,3,Medical,1657,3,Female,3,1,Sales Representative,3,2783,1,No,3,1,80,2,3,3,2,2,0,1,Client Acquisition,Negotiation,2,1
34,Travel_Rarely,Research & Development,3,Life Sciences,1658,4,Female,3,2,Research Scientist,2,5433,1,No,3,3,80,11,2,3,11,8,1,4,Data Analysis,Python,6,5
36,Travel_Rarely,Research & Development,3,Life Sciences,1659,1,Male,3,1,Laboratory Technician,2,2013,2,No,3,3,80,15,4,3,4,3,2,2,Laboratory Operations,Quality Control,6,5
49,Travel_Rarely,Research & Development,1,Life Sciences,1661,3,Female,2,4,Healthcare Representative,3,13966,2,Yes,3,2,80,30,3,3,15,11,2,1,Medical Sales,Product Knowledge,7,6
36,Non-Travel,Research & Development,4,Medical,1662,4,Female,2,2,Manufacturing Director,3,4374,0,No,3,3,80,4,6,3,3,2,1,1,Operations Management,Process Optimization,3,2
36,Travel_Rarely,Research & Development,2,Life Sciences,1664,4,Male,4,2,Healthcare Representative,1,6842,6,No,4,1,80,13,3,3,5,4,1,4,Medical Sales,Product Knowledge,6,5
54,Travel_Rarely,Research & Development,5,Medical,1665,2,Female,3,4,Manager,3,17426,3,No,4,3,80,36,6,3,10,8,2,2,People Management,Project Planning,8,7
43,Travel_Rarely,Research & Development,2,Life Sciences,1666,3,Male,2,4,Research Director,3,17603,1,No,4,1,80,14,3,3,14,10,2,3,Research Leadership,Strategic Planning,8,7
35,Travel_Frequently,Sales,4,Other,1667,4,Male,3,2,Sales Executive,4,4581,3,Yes,4,1,80,13,2,4,11,9,1,4,Sales Strategy,CRM Tools,7,6
38,Travel_Frequently,Research & Development,3,Life Sciences,1668,4,Male,3,2,Research Scientist,4,4735,7,No,3,4,80,19,4,4,13,11,1,4,Data Analysis,Python,6,5
29,Travel_Rarely,Sales,3,Medical,1669,1,Male,2,2,Sales Executive,2,4187,1,Yes,3,2,80,10,3,2,10,0,1,2,Sales Strategy,CRM Tools,5,4
33,Travel_Rarely,Sales,4,Medical,1670,4,Male,3,2,Sales Executive,4,5505,1,No,3,3,80,6,5,3,6,2,1,2,Sales Strategy,CRM Tools,4,3
32,Travel_Rarely,Research & Development,3,Medical,1671,4,Male,3,2,Research Scientist,2,5470,0,No,3,3,80,10,4,2,9,5,1,4,Data Analysis,Python,6,5
31,Travel_Rarely,Sales,4,Life Sciences,1673,1,Female,3,2,Sales Executive,4,5476,1,No,3,1,80,10,2,3,10,0,1,3,Sales Strategy,CRM Tools,5,4
49,Travel_Rarely,Research & Development,3,Medical,1674,4,Female,3,1,Laboratory Technician,1,2587,4,Yes,3,2,80,17,2,2,2,2,2,1,Laboratory Operations,Quality Control,6,5
38,Travel_Frequently,Research & Development,3,Medical,1675,4,Female,2,1,Laboratory Technician,2,2440,1,No,4,2,80,4,3,3,4,3,1,3,Laboratory Operations,Quality Control,4,3
47,Travel_Rarely,Sales,4,Life Sciences,1676,2,Female,4,4,Manager,2,15972,6,No,3,3,80,29,2,3,3,2,2,1,People Management,Project Planning,6,5
49,Travel_Rarely,Research & Development,3,Life Sciences,1677,3,Male,3,4,Manager,3,15379,4,No,3,1,80,23,2,3,8,7,2,1,People Management,Project Planning,7,6
41,Travel_Rarely,Sales,2,Life Sciences,1678,4,Male,3,3,Sales Executive,3,7082,3,Yes,3,4,80,21,2,3,2,0,2,1,Sales Strategy,CRM Tools,6,5
20,Travel_Rarely,Sales,1,Life Sciences,1680,4,Male,3,1,Sales Representative,1,2728,1,No,3,1,80,2,3,3,2,2,0,1,Client Acquisition,Negotiation,2,1
33,Non-Travel,Sales,3,Life Sciences,1681,3,Female,3,2,Sales Executive,4,5368,1,Yes,4,3,80,7,2,3,6,5,1,3,Sales Strategy,CRM Tools,6,5
36,Travel_Rarely,Research & Development,4,Life Sciences,1682,1,Male,3,2,Healthcare Representative,3,5347,6,No,3,2,80,10,2,2,3,2,1,3,Medical Sales,Product Knowledge,5,4
44,Travel_Rarely,Human Resources,3,Life Sciences,1683,3,Female,3,1,Human Resources,4,3195,4,Yes,3,1,80,8,2,3,2,2,1,1,Talent Management,Employee Engagement,4,3
23,Travel_Rarely,Research & Development,1,Medical,1684,4,Male,2,1,Laboratory Technician,3,3989,1,Yes,3,1,80,5,2,3,5,4,1,1,Laboratory Operations,Quality Control,4,3
38,Travel_Rarely,Research & Development,2,Medical,1687,4,Female,3,1,Laboratory Technician,3,3306,7,No,3,4,80,7,5,2,0,0,1,2,Laboratory Operations,Quality Control,4,3
53,Travel_Rarely,Research & Development,4,Medical,1689,2,Male,4,3,Healthcare Representative,4,7005,3,No,3,3,80,11,2,3,4,3,2,2,Medical Sales,Product Knowledge,6,5
48,Travel_Frequently,Sales,2,Medical,1691,4,Female,3,1,Sales Representative,3,2655,2,Yes,3,3,80,19,3,3,9,7,2,2,Client Acquisition,Negotiation,7,6
32,Travel_Rarely,Research & Development,4,Life Sciences,1692,4,Male,3,1,Laboratory Technician,2,1393,1,No,3,1,80,1,2,3,1,0,0,1,Laboratory Operations,Quality Control,2,1
26,Non-Travel,Research & Development,3,Medical,1693,4,Male,3,1,Laboratory Technician,4,2570,1,No,4,3,80,7,5,3,7,7,1,4,Laboratory Operations,Quality Control,6,5
55,Travel_Rarely,Research & Development,3,Technical Degree,1694,1,Male,2,1,Research Scientist,2,3537,5,No,3,4,80,8,1,3,4,2,1,3,Data Analysis,Python,4,3
34,Travel_Rarely,Research & Development,2,Medical,1696,2,Male,2,2,Laboratory Technician,4,3986,1,No,3,3,80,15,3,4,15,10,1,4,Laboratory Operations,Quality Control,6,5
60,Travel_Rarely,Research & Development,4,Medical,1697,3,Male,1,3,Healthcare Representative,4,10883,3,No,4,3,80,19,2,4,1,0,2,3,Medical Sales,Product Knowledge,7,6
33,Travel_Rarely,Research & Development,3,Medical,1698,2,Male,4,1,Laboratory Technician,2,2028,1,No,3,4,80,14,6,3,14,11,2,3,Laboratory Operations,Quality Control,7,6
37,Travel_Frequently,Sales,4,Medical,1700,3,Male,1,2,Sales Executive,4,9525,1,No,3,3,80,6,2,2,6,3,1,2,Sales Strategy,CRM Tools,4,3
34,Travel_Rarely,Research & Development,3,Life Sciences,1701,2,Female,2,1,Research Scientist,4,2929,1,No,3,2,80,10,3,3,10,9,2,4,Data Analysis,Python,7,6
23,Travel_Rarely,Sales,3,Life Sciences,1702,3,Male,3,1,Sales Representative,4,2275,1,Yes,4,2,80,3,2,3,3,2,0,1,Client Acquisition,Negotiation,3,2
44,Travel_Rarely,Research & Development,3,Life Sciences,1703,3,Female,4,3,Healthcare Representative,4,7879,1,Yes,3,2,80,9,2,3,8,7,1,3,Medical Sales,Product Knowledge,5,4
35,Travel_Frequently,Research & Development,4,Medical,1704,1,Male,2,1,Research Scientist,4,4930,0,Yes,3,3,80,6,2,4,5,4,1,2,Data Analysis,Python,4,3
43,Travel_Rarely,Sales,3,Medical,1706,4,Male,3,2,Sales Executive,4,7847,1,Yes,3,1,80,10,3,3,10,9,1,3,Sales Strategy,CRM Tools,6,5
24,Travel_Rarely,Research & Development,3,Medical,1707,3,Male,4,1,Research Scientist,3,4401,1,No,3,4,80,5,1,3,5,3,1,3,Data Analysis,Python,4,3
41,Travel_Rarely,Sales,3,Marketing,1708,4,Male,3,3,Sales Executive,3,9241,1,No,3,2,80,10,3,3,10,8,2,3,Sales Strategy,CRM Tools,7,6
29,Travel_Rarely,Research & Development,4,Medical,1709,4,Female,3,1,Laboratory Technician,3,2974,9,No,3,3,80,9,2,3,5,3,1,3,Laboratory Operations,Quality Control,4,3
36,Travel_Rarely,Sales,4,Life Sciences,1710,3,Female,3,2,Sales Representative,4,4502,3,No,3,3,80,17,2,2,13,7,1,4,Client Acquisition,Negotiation,6,5
45,Non-Travel,Research & Development,1,Life Sciences,1712,3,Male,2,3,Healthcare Representative,3,10748,3,No,4,4,80,25,3,2,23,15,2,4,Medical Sales,Product Knowledge,8,7
24,Travel_Rarely,Human Resources,1,Human Resources,1714,4,Male,1,1,Human Resources,3,1555,1,No,3,3,80,1,2,3,1,0,0,1,Talent Management,Employee Engagement,2,1
47,Travel_Frequently,Sales,3,Life Sciences,1716,3,Male,1,4,Sales Executive,3,12936,7,No,3,3,80,25,3,1,23,5,2,2,Sales Strategy,CRM Tools,7,6
26,Travel_Rarely,Research & Development,4,Medical,1718,4,Male,1,1,Laboratory Technician,3,2305,1,No,3,3,80,3,3,4,3,2,0,1,Laboratory Operations,Quality Control,2,1
45,Travel_Rarely,Research & Development,2,Technical Degree,1719,4,Female,2,4,Research Director,2,16704,1,No,3,3,80,21,2,3,21,6,2,2,Research Leadership,Strategic Planning,7,6
32,Travel_Frequently,Research & Development,3,Life Sciences,1720,1,Male,3,1,Research Scientist,3,3433,6,No,3,1,80,10,3,2,5,2,2,3,Data Analysis,Python,6,5
31,Travel_Rarely,Research & Development,4,Life Sciences,1721,2,Male,3,1,Laboratory Technician,3,3477,1,No,3,4,80,6,2,4,5,2,1,2,Laboratory Operations,Quality Control,4,3
41,Non-Travel,Human Resources,3,Human Resources,1722,3,Male,1,2,Human Resources,2,6430,6,No,3,2,80,10,4,3,3,2,1,3,Talent Management,Employee Engagement,5,4
40,Travel_Rarely,Research & Development,2,Life Sciences,1724,2,Female,3,2,Manufacturing Director,1,6516,2,Yes,3,2,80,18,3,3,1,0,1,1,Operations Management,Process Optimization,5,4
24,Travel_Rarely,Research & Development,1,Medical,1725,2,Male,3,1,Laboratory Technician,1,3907,1,No,3,2,80,6,2,4,6,2,1,2,Laboratory Operations,Quality Control,4,3
46,Travel_Rarely,Research & Development,4,Life Sciences,1727,3,Male,3,2,Healthcare Representative,2,5562,6,No,3,4,80,19,3,3,10,7,1,4,Medical Sales,Product Knowledge,6,5
35,Travel_Rarely,Research & Development,4,Life Sciences,1728,4,Male,3,2,Manufacturing Director,3,6883,2,No,3,2,80,17,3,3,7,7,1,3,Operations Management,Process Optimization,6,5
30,Travel_Rarely,Research & Development,1,Life Sciences,1729,2,Male,3,1,Research Scientist,4,2862,1,No,3,2,80,10,2,2,10,0,2,3,Data Analysis,Python,6,5
47,Non-Travel,Sales,4,Marketing,1731,3,Male,3,2,Sales Executive,2,4978,7,No,3,4,80,4,3,1,1,0,1,2,Sales Strategy,CRM Tools,3,2
46,Travel_Rarely,Sales,3,Life Sciences,1732,3,Male,3,3,Sales Executive,4,10368,4,Yes,3,2,80,13,5,2,10,6,2,2,Sales Strategy,CRM Tools,7,6
36,Travel_Rarely,Sales,5,Marketing,1733,2,Male,2,2,Sales Executive,1,6134,5,Yes,3,2,80,16,3,3,2,2,1,2,Sales Strategy,CRM Tools,5,4
32,Travel_Rarely,Sales,2,Life Sciences,1734,1,Male,1,2,Sales Executive,2,6735,6,No,3,2,80,10,2,3,0,0,1,3,Sales Strategy,CRM Tools,5,4
23,Travel_Rarely,Research & Development,1,Medical,1735,3,Female,3,1,Laboratory Technician,2,3295,1,No,3,3,80,3,3,1,3,2,0,1,Laboratory Operations,Quality Control,2,1
31,Travel_Frequently,Research & Development,1,Technical Degree,1736,4,Female,3,2,Manufacturing Director,4,5238,2,No,4,4,80,9,3,2,5,4,1,3,Operations Management,Process Optimization,5,4
39,Non-Travel,Research & Development,3,Life Sciences,1737,4,Male,3,2,Laboratory Technician,4,6472,1,Yes,3,4,80,9,2,3,9,8,1,3,Laboratory Operations,Quality Control,5,4
32,Travel_Rarely,Sales,3,Life Sciences,1739,4,Male,1,3,Sales Executive,3,9610,3,No,3,3,80,10,2,1,4,3,2,2,Sales Strategy,CRM Tools,6,5
40,Travel_Rarely,Sales,4,Medical,1740,2,Male,3,5,Manager,2,19833,1,No,3,2,80,21,3,2,21,8,2,1,People Management,Project Planning,7,6
45,Travel_Rarely,Human Resources,3,Life Sciences,1744,3,Female,1,3,Human Resources,3,9756,4,No,4,3,80,9,2,4,5,0,1,4,Talent Management,Employee Engagement,5,4
30,Travel_Frequently,Research & Development,4,Technical Degree,1745,4,Female,2,1,Research Scientist,1,4968,0,No,3,4,80,10,2,3,9,7,2,4,Data Analysis,Python,7,6
24,Travel_Frequently,Human Resources,3,Medical,1746,1,Male,3,1,Human Resources,4,2145,0,No,3,4,80,3,2,3,2,2,0,1,Talent Management,Employee Engagement,2,1
30,Travel_Frequently,Human Resources,3,Human Resources,1747,3,Female,2,1,Human Resources,4,2180,6,No,3,3,80,6,0,2,4,2,1,2,Talent Management,Employee Engagement,4,3
31,Travel_Rarely,Sales,3,Technical Degree,1749,1,Male,3,2,Sales Executive,3,8346,1,No,3,3,80,6,3,3,5,2,1,2,Sales Strategy,CRM Tools,4,3
27,Travel_Rarely,Research & Development,3,Medical,1751,3,Female,3,1,Research Scientist,4,3445,1,No,3,3,80,6,5,2,6,2,1,3,Data Analysis,Python,4,3
29,Travel_Rarely,Sales,3,Marketing,1752,2,Female,1,1,Sales Representative,2,2760,1,No,3,3,80,2,3,3,2,2,0,1,Client Acquisition,Negotiation,2,1
29,Travel_Frequently,Research & Development,3,Life Sciences,1753,4,Male,4,2,Healthcare Representative,3,6294,8,Yes,3,4,80,10,5,4,3,2,1,2,Medical Sales,Product Knowledge,5,4
30,Travel_Rarely,Sales,2,Marketing,1754,3,Male,2,3,Sales Executive,1,7140,2,No,3,1,80,12,2,3,7,7,2,3,Sales Strategy,CRM Tools,7,6
34,Travel_Rarely,Research & Development,4,Medical,1755,4,Male,4,1,Research Scientist,4,2932,0,Yes,3,1,80,6,3,3,5,0,1,2,Data Analysis,Python,4,3
33,Non-Travel,Sales,3,Marketing,1756,4,Female,3,2,Sales Executive,2,5147,8,No,3,4,80,13,2,2,11,7,1,4,Sales Strategy,CRM Tools,6,5
49,Travel_Rarely,Sales,4,Marketing,1757,4,Female,3,2,Sales Executive,4,4507,3,No,3,3,80,8,1,4,5,1,1,2,Sales Strategy,CRM Tools,4,3
33,Travel_Rarely,Sales,3,Life Sciences,1758,1,Female,3,3,Sales Executive,1,8564,2,Yes,4,3,80,11,2,2,0,0,2,2,Sales Strategy,CRM Tools,7,6
38,Travel_Frequently,Research & Development,2,Medical,1760,3,Female,2,1,Laboratory Technician,2,2468,4,No,3,2,80,9,4,2,6,1,1,3,Laboratory Operations,Quality Control,4,3
31,Travel_Rarely,Sales,4,Marketing,1761,1,Male,3,3,Sales Executive,3,8161,2,No,3,1,80,10,2,3,1,0,2,2,Sales Strategy,CRM Tools,6,5
29,Travel_Rarely,Research & Development,3,Technical Degree,1762,4,Female,2,1,Research Scientist,1,2109,1,No,3,3,80,1,2,3,1,0,0,2,Data Analysis,Python,2,1
30,Travel_Rarely,Research & Development,3,Life Sciences,1763,3,Male,4,2,Healthcare Representative,3,5294,3,No,3,3,80,10,3,3,7,0,1,3,Medical Sales,Product Knowledge,5,4
32,Non-Travel,Research & Development,4,Technical Degree,1764,2,Male,3,1,Research Scientist,2,2718,2,No,3,2,80,12,3,3,7,7,2,4,Data Analysis,Python,7,6
38,Travel_Rarely,Research & Development,3,Medical,1766,2,Male,1,2,Healthcare Representative,4,5811,3,Yes,3,3,80,15,2,3,1,0,1,2,Medical Sales,Product Knowledge,5,4
43,Travel_Frequently,Research & Development,3,Technical Degree,1767,3,Male,2,1,Research Scientist,3,2437,9,Yes,3,4,80,6,4,3,1,0,1,2,Data Analysis,Python,4,3
42,Travel_Rarely,Research & Development,3,Medical,1768,2,Male,3,1,Laboratory Technician,2,2766,8,No,4,2,80,7,6,2,5,3,1,3,Laboratory Operations,Quality Control,5,4
55,Travel_Rarely,Research & Development,3,Medical,1770,3,Male,2,5,Research Director,1,19038,8,No,3,2,80,34,2,3,1,0,2,1,Research Leadership,Strategic Planning,6,5
33,Non-Travel,Research & Development,3,Technical Degree,1771,4,Male,3,2,Research Scientist,2,3055,5,No,3,4,80,11,2,2,9,8,1,4,Data Analysis,Python,6,5
41,Travel_Rarely,Research & Development,4,Life Sciences,1772,3,Male,3,1,Laboratory Technician,1,2289,1,No,4,2,80,5,2,3,5,3,1,3,Laboratory Operations,Quality Control,5,4
34,Non-Travel,Sales,3,Life Sciences,1774,4,Male,3,2,Sales Executive,3,4001,1,Yes,3,3,80,15,3,3,15,14,1,3,Sales Strategy,CRM Tools,6,5
53,Non-Travel,Research & Development,4,Medical,1775,1,Female,2,4,Manufacturing Director,3,12965,4,Yes,4,4,80,27,2,2,3,2,2,1,Operations Management,Process Optimization,7,6
43,Travel_Rarely,Human Resources,3,Life Sciences,1778,2,Male,3,1,Human Resources,4,3539,0,No,3,2,80,10,5,3,9,7,2,3,Talent Management,Employee Engagement,7,6
34,Travel_Rarely,Sales,2,Life Sciences,1779,4,Female,1,2,Sales Executive,4,6029,5,No,3,1,80,6,3,3,2,2,1,2,Sales Strategy,CRM Tools,4,3
21,Travel_Rarely,Sales,1,Marketing,1780,2,Male,3,1,Sales Representative,2,2679,1,No,3,2,80,1,3,3,1,0,0,1,Client Acquisition,Negotiation,2,1
38,Travel_Rarely,Research & Development,2,Other,1782,4,Female,2,1,Laboratory Technician,3,3702,1,No,3,2,80,5,3,3,5,4,1,2,Laboratory Operations,Quality Control,4,3
22,Travel_Rarely,Research & Development,1,Medical,1783,3,Female,3,1,Laboratory Technician,1,2398,1,Yes,3,3,80,1,6,3,1,0,0,1,Laboratory Operations,Quality Control,2,1
31,Travel_Rarely,Sales,4,Marketing,1784,1,Female,2,2,Sales Executive,4,5468,1,No,3,1,80,13,3,3,12,7,1,4,Sales Strategy,CRM Tools,6,5
51,Travel_Rarely,Research & Development,3,Technical Degree,1786,1,Female,3,3,Manager,3,13116,2,No,3,4,80,15,2,3,2,2,2,1,People Management,Project Planning,6,5
37,Travel_Rarely,Sales,2,Marketing,1787,2,Male,2,2,Sales Executive,2,4189,1,No,3,1,80,5,2,3,5,2,1,2,Sales Strategy,CRM Tools,4,3
46,Travel_Rarely,Research & Development,4,Medical,1789,3,Male,3,5,Research Director,4,19328,7,Yes,3,3,80,24,3,3,2,1,2,1,Research Leadership,Strategic Planning,6,5
36,Travel_Rarely,Research & Development,3,Life Sciences,1790,4,Male,3,3,Healthcare Representative,1,8321,7,Yes,3,4,80,15,1,3,12,8,2,2,Medical Sales,Product Knowledge,7,6
44,Travel_Frequently,Research & Development,2,Medical,1792,3,Male,3,1,Research Scientist,2,2342,1,Yes,3,3,80,6,2,2,5,3,1,2,Data Analysis,Python,4,3
37,Travel_Rarely,Human Resources,2,Other,1794,3,Male,3,2,Human Resources,2,4071,2,No,3,3,80,19,4,2,10,0,1,3,Talent Management,Employee Engagement,5,4
35,Travel_Rarely,Sales,3,Life Sciences,1797,3,Male,3,2,Sales Executive,4,5813,1,Yes,3,4,80,10,2,3,10,7,1,3,Sales Strategy,CRM Tools,6,5
33,Travel_Rarely,Research & Development,4,Life Sciences,1798,4,Male,4,1,Research Scientist,1,3143,6,No,3,2,80,14,1,3,10,8,2,4,Data Analysis,Python,7,6
28,Travel_Rarely,Research & Development,3,Life Sciences,1799,3,Male,3,1,Research Scientist,4,2044,1,No,3,3,80,5,6,4,5,3,1,3,Data Analysis,Python,4,3
39,Travel_Rarely,Research & Development,1,Medical,1800,3,Male,3,3,Research Director,3,13464,7,No,4,3,80,9,3,3,4,3,1,4,Research Leadership,Strategic Planning,5,4
46,Non-Travel,Sales,2,Life Sciences,1801,2,Male,2,2,Sales Executive,2,7991,8,No,3,3,80,6,3,3,2,2,1,2,Sales Strategy,CRM Tools,4,3
40,Travel_Rarely,Research & Development,2,Life Sciences,1802,3,Female,3,1,Laboratory Technician,1,3377,4,No,3,4,80,7,5,2,4,3,1,2,Laboratory Operations,Quality Control,4,3
42,Travel_Rarely,Research & Development,3,Medical,1803,2,Male,4,2,Healthcare Representative,1,5538,5,No,3,3,80,10,2,2,0,0,1,3,Medical Sales,Product Knowledge,5,4
35,Non-Travel,Research & Development,2,Medical,1804,2,Male,3,2,Manufacturing Director,4,5762,2,No,3,3,80,15,6,3,7,7,1,3,Operations Management,Process Optimization,6,5
38,Non-Travel,Human Resources,3,Human Resources,1805,1,Male,3,1,Human Resources,2,2592,5,No,3,4,80,13,3,3,11,10,2,3,Talent Management,Employee Engagement,7,6
34,Travel_Frequently,Research & Development,4,Life Sciences,1807,4,Male,3,2,Laboratory Technician,1,5346,4,No,3,3,80,11,3,2,7,1,1,3,Laboratory Operations,Quality Control,5,4
37,Travel_Rarely,Research & Development,4,Medical,1809,4,Male,3,2,Manufacturing Director,1,4213,1,No,3,2,80,10,4,1,10,3,1,2,Operations Management,Process Optimization,5,4
39,Travel_Frequently,Sales,3,Life Sciences,1812,3,Male,3,2,Sales Executive,4,4127,2,No,3,4,80,7,6,3,2,1,1,2,Sales Strategy,CRM Tools,4,3
43,Non-Travel,Research & Development,3,Life Sciences,1813,1,Male,3,1,Research Scientist,3,2438,4,No,3,3,80,7,2,2,3,2,1,3,Data Analysis,Python,4,3
41,Travel_Rarely,Research & Development,3,Life Sciences,1814,2,Male,4,2,Healthcare Representative,2,6870,3,No,3,1,80,11,3,1,3,2,1,3,Medical Sales,Product Knowledge,5,4
41,Travel_Rarely,Sales,1,Marketing,1815,3,Female,3,3,Sales Executive,3,10447,0,Yes,3,4,80,23,3,4,22,14,2,2,Sales Strategy,CRM Tools,7,6
30,Travel_Rarely,Research & Development,3,Medical,1816,1,Female,3,3,Manufacturing Director,3,9667,9,No,3,2,80,9,3,3,7,7,1,3,Operations Management,Process Optimization,5,4
26,Travel_Rarely,Human Resources,2,Medical,1818,4,Female,3,1,Human Resources,2,2148,0,Yes,3,3,80,6,3,3,5,1,1,1,Talent Management,Employee Engagement,4,3
46,Travel_Rarely,Research & Development,2,Medical,1821,4,Female,3,2,Healthcare Representative,2,8926,4,No,4,4,80,13,2,4,9,7,1,4,Medical Sales,Product Knowledge,7,6
40,Travel_Rarely,Research & Development,3,Life Sciences,1822,3,Female,3,2,Healthcare Representative,4,6513,4,No,3,4,80,12,3,3,5,3,1,3,Medical Sales,Product Knowledge,5,4
34,Travel_Rarely,Sales,2,Technical Degree,1823,2,Male,4,2,Sales Executive,3,6799,1,No,4,3,80,10,5,3,10,8,1,4,Sales Strategy,CRM Tools,7,6
58,Non-Travel,Sales,3,Medical,1824,2,Male,3,4,Manager,2,16291,4,No,4,4,80,37,0,2,16,9,2,2,People Management,Project Planning,8,7
35,Travel_Rarely,Research & Development,4,Medical,1826,2,Male,1,1,Laboratory Technician,3,2705,0,No,3,2,80,6,2,4,5,4,1,2,Laboratory Operations,Quality Control,4,3
47,Travel_Rarely,Research & Development,3,Life Sciences,1827,3,Female,2,3,Manufacturing Director,2,10333,8,Yes,3,3,80,28,4,3,22,11,2,1,Operations Management,Process Optimization,7,6
40,Travel_Rarely,Research & Development,3,Life Sciences,1829,2,Female,3,2,Healthcare Representative,1,4448,2,No,3,2,80,15,3,3,7,4,1,3,Medical Sales,Product Knowledge,5,4
54,Travel_Rarely,Research & Development,4,Medical,1830,4,Female,3,2,Research Scientist,4,6854,4,No,3,2,80,14,2,2,7,1,1,4,Data Analysis,Python,5,4
31,Travel_Frequently,Sales,4,Marketing,1833,1,Female,3,3,Sales Executive,1,9637,2,No,3,4,80,9,3,3,3,2,1,3,Sales Strategy,CRM Tools,4,3
28,Travel_Rarely,Research & Development,3,Medical,1834,3,Female,3,1,Research Scientist,1,3591,1,No,4,3,80,3,3,3,3,2,0,3,Data Analysis,Python,3,2
38,Travel_Rarely,Sales,4,Marketing,1835,2,Female,1,2,Sales Representative,4,5405,2,Yes,4,1,80,20,4,2,4,2,1,3,Client Acquisition,Negotiation,6,5
26,Travel_Rarely,Sales,3,Medical,1836,3,Male,3,2,Sales Executive,4,4684,1,No,3,1,80,5,4,3,5,3,1,2,Sales Strategy,CRM Tools,4,3
58,Travel_Frequently,Research & Development,4,Life Sciences,1837,1,Male,3,4,Research Director,3,15787,2,Yes,3,2,80,23,3,3,2,2,2,1,Research Leadership,Strategic Planning,6,5
18,Non-Travel,Research & Development,3,Medical,1839,2,Female,3,1,Research Scientist,3,1514,1,No,3,3,80,0,4,1,0,0,0,2,Data Analysis,Python,2,1
31,Travel_Rarely,Human Resources,5,Human Resources,1842,4,Male,4,1,Human Resources,1,2956,0,No,3,3,80,2,4,3,1,0,0,1,Talent Management,Employee Engagement,2,1
29,Travel_Rarely,Human Resources,3,Human Resources,1844,1,Male,2,1,Human Resources,1,2335,4,Yes,3,4,80,4,3,3,2,2,1,1,Talent Management,Employee Engagement,3,2
45,Non-Travel,Sales,4,Life Sciences,1845,3,Female,3,2,Sales Executive,3,5154,4,No,4,2,80,10,3,4,8,7,1,4,Sales Strategy,CRM Tools,7,6
36,Travel_Rarely,Research & Development,4,Other,1847,4,Female,3,2,Research Scientist,2,6962,4,Yes,4,4,80,15,2,3,1,0,1,4,Data Analysis,Python,6,5
43,Travel_Frequently,Sales,4,Life Sciences,1849,1,Male,3,2,Sales Executive,4,5675,1,No,4,3,80,7,5,3,7,7,1,4,Sales Strategy,CRM Tools,6,5
27,Travel_Frequently,Research & Development,2,Life Sciences,1850,4,Female,3,1,Laboratory Technician,4,2379,0,Yes,3,3,80,6,3,2,5,4,1,1,Laboratory Operations,Quality Control,4,3
29,Travel_Frequently,Research & Development,1,Medical,1852,4,Male,3,1,Laboratory Technician,4,3812,1,No,3,2,80,11,3,4,11,8,2,3,Laboratory Operations,Quality Control,7,6
32,Travel_Frequently,Sales,4,Marketing,1853,4,Male,3,2,Sales Executive,4,4648,8,No,3,3,80,4,2,4,0,0,1,2,Sales Strategy,CRM Tools,3,2
42,Non-Travel,Research & Development,4,Technical Degree,1854,3,Male,3,1,Research Scientist,3,2936,3,No,4,2,80,10,1,2,6,3,2,4,Data Analysis,Python,7,6
47,Travel_Rarely,Research & Development,4,Life Sciences,1856,2,Female,3,1,Laboratory Technician,3,2105,4,No,3,3,80,7,2,3,2,2,1,2,Laboratory Operations,Quality Control,4,3
46,Travel_Rarely,Research & Development,2,Life Sciences,1857,4,Male,3,3,Manufacturing Director,4,8578,3,No,3,3,80,12,4,2,9,8,2,2,Operations Management,Process Optimization,7,6
28,Non-Travel,Human Resources,2,Life Sciences,1858,3,Male,3,1,Human Resources,4,2706,1,No,3,2,80,3,2,3,3,2,0,1,Talent Management,Employee Engagement,2,1
29,Travel_Rarely,Research & Development,1,Life Sciences,1859,4,Male,1,2,Healthcare Representative,3,6384,8,No,3,4,80,11,3,3,7,0,1,3,Medical Sales,Product Knowledge,5,4
42,Travel_Rarely,Research & Development,3,Life Sciences,1860,4,Male,3,1,Laboratory Technician,3,3968,4,No,3,4,80,8,3,3,0,0,1,2,Laboratory Operations,Quality Control,4,3
32,Travel_Rarely,Sales,4,Marketing,1862,3,Male,2,2,Sales Executive,2,9907,7,Yes,3,3,80,7,3,2,2,2,1,1,Sales Strategy,CRM Tools,4,3
46,Travel_Rarely,Sales,3,Technical Degree,1863,1,Female,4,4,Sales Executive,1,13225,2,No,3,4,80,25,5,3,19,17,2,2,Sales Strategy,CRM Tools,7,6
27,Travel_Rarely,Sales,1,Medical,1864,2,Female,2,2,Sales Representative,3,3540,1,No,4,4,80,9,5,3,9,8,1,4,Client Acquisition,Negotiation,6,5
29,Travel_Rarely,Human Resources,1,Medical,1865,4,Male,2,1,Human Resources,2,2804,1,No,3,4,80,1,3,3,1,0,0,1,Talent Management,Employee Engagement,2,1
43,Travel_Rarely,Research & Development,3,Medical,1866,1,Female,2,5,Manager,3,19392,7,No,3,4,80,21,2,3,16,12,2,1,People Management,Project Planning,7,6
48,Travel_Rarely,Research & Development,3,Life Sciences,1867,4,Male,2,5,Research Director,2,19665,4,No,3,4,80,29,3,3,22,10,2,2,Research Leadership,Strategic Planning,7,6
29,Travel_Frequently,Research & Development,2,Life Sciences,1868,4,Male,2,1,Research Scientist,4,2439,1,Yes,4,2,80,1,3,2,1,0,0,2,Data Analysis,Python,3,2
46,Travel_Rarely,Sales,3,Life Sciences,1869,3,Female,3,3,Sales Executive,2,7314,5,No,4,3,80,14,2,3,8,7,2,4,Sales Strategy,CRM Tools,8,7
27,Travel_Frequently,Research & Development,3,Life Sciences,1870,4,Female,2,1,Research Scientist,1,4774,0,No,3,4,80,8,2,2,7,6,1,4,Data Analysis,Python,5,4
39,Travel_Rarely,Research & Development,4,Other,1871,4,Male,3,2,Research Scientist,4,3902,8,No,3,2,80,7,2,3,2,2,1,3,Data Analysis,Python,4,3
55,Travel_Rarely,Research & Development,4,Technical Degree,1873,2,Male,2,1,Research Scientist,4,2662,8,No,4,2,80,19,2,4,5,2,2,4,Data Analysis,Python,7,6
28,Travel_Rarely,Sales,3,Medical,1875,2,Female,3,1,Sales Representative,2,2856,1,No,3,4,80,1,3,3,1,0,0,1,Client Acquisition,Negotiation,2,1
30,Travel_Rarely,Sales,3,Medical,1876,2,Male,3,1,Sales Representative,4,1081,1,No,3,3,80,1,3,2,1,0,0,1,Client Acquisition,Negotiation,2,1
22,Travel_Rarely,Research & Development,1,Life Sciences,1878,4,Male,3,1,Research Scientist,2,2472,1,Yes,4,1,80,1,2,3,1,0,0,2,Data Analysis,Python,3,2
36,Travel_Rarely,Sales,4,Technical Degree,1880,2,Female,2,2,Sales Executive,3,5673,1,Yes,3,1,80,10,4,3,10,9,1,3,Sales Strategy,CRM Tools,6,5
31,Travel_Rarely,Research & Development,3,Life Sciences,1881,2,Male,3,2,Laboratory Technician,3,4197,1,No,3,1,80,10,2,3,10,8,1,4,Laboratory Operations,Quality Control,6,5
34,Travel_Rarely,Sales,3,Life Sciences,1882,3,Male,3,3,Sales Executive,4,9713,2,Yes,3,4,80,9,3,3,5,3,1,2,Sales Strategy,CRM Tools,4,3
29,Travel_Rarely,Research & Development,3,Life Sciences,1883,4,Male,3,1,Laboratory Technician,1,2062,3,No,3,2,80,11,2,3,3,2,2,2,Laboratory Operations,Quality Control,6,5
37,Travel_Rarely,Research & Development,4,Medical,1885,4,Male,3,2,Research Scientist,1,4284,5,Yes,4,3,80,16,2,3,5,3,1,4,Data Analysis,Python,6,5
35,Travel_Rarely,Research & Development,2,Other,1886,4,Female,2,2,Manufacturing Director,2,4788,0,Yes,3,4,80,4,2,3,3,2,1,1,Operations Management,Process Optimization,3,2
45,Travel_Rarely,Research & Development,2,Life Sciences,1888,2,Female,2,2,Manufacturing Director,4,5906,0,No,3,4,80,10,2,2,9,8,1,3,Operations Management,Process Optimization,6,5
36,Travel_Frequently,Human Resources,1,Human Resources,1890,2,Male,2,2,Human Resources,4,3886,1,No,4,4,80,10,2,2,10,1,1,4,Talent Management,Employee Engagement,6,5
40,Travel_Rarely,Research & Development,4,Life Sciences,1892,1,Male,3,4,Manager,1,16823,2,No,3,1,80,22,3,3,19,7,2,1,People Management,Project Planning,7,6
26,Travel_Rarely,Research & Development,2,Life Sciences,1893,2,Female,2,1,Research Scientist,3,2933,1,Yes,3,3,80,1,3,2,1,0,0,1,Data Analysis,Python,2,1
27,Travel_Rarely,Sales,2,Medical,1898,1,Female,4,2,Sales Executive,3,6500,0,No,3,2,80,9,5,2,8,7,1,4,Sales Strategy,CRM Tools,5,4
48,Travel_Frequently,Research & Development,3,Medical,1900,4,Female,3,4,Manager,4,17174,3,No,3,2,80,24,3,3,22,17,2,1,People Management,Project Planning,7,6
44,Travel_Rarely,Research & Development,4,Life Sciences,1903,2,Male,4,2,Healthcare Representative,1,5033,2,No,3,4,80,10,5,3,2,0,1,3,Medical Sales,Product Knowledge,5,4
34,Non-Travel,Research & Development,4,Technical Degree,1905,4,Male,1,1,Research Scientist,1,2307,1,Yes,4,2,80,5,2,3,5,2,1,3,Data Analysis,Python,5,4
56,Travel_Rarely,Research & Development,2,Life Sciences,1907,1,Male,3,1,Laboratory Technician,4,2587,1,No,3,4,80,5,3,3,4,2,1,2,Laboratory Operations,Quality Control,4,3
36,Travel_Rarely,Sales,2,Marketing,1908,3,Male,2,2,Sales Executive,2,5507,2,No,3,3,80,12,1,1,4,2,1,3,Sales Strategy,CRM Tools,5,4
41,Travel_Rarely,Sales,3,Marketing,1909,3,Female,3,2,Sales Executive,2,4393,5,No,4,3,80,14,3,3,5,4,1,4,Sales Strategy,CRM Tools,6,5
42,Travel_Rarely,Research & Development,3,Medical,1911,3,Male,3,3,Research Director,1,13348,9,No,3,2,80,18,3,4,13,7,2,3,Research Leadership,Strategic Planning,7,6
31,Travel_Rarely,Sales,2,Medical,1912,3,Female,3,2,Sales Executive,4,6583,2,Yes,3,4,80,8,2,3,5,2,1,1,Sales Strategy,CRM Tools,4,3
34,Travel_Rarely,Sales,1,Medical,1915,4,Female,2,2,Sales Executive,4,8103,3,Yes,3,3,80,9,3,2,4,2,1,2,Sales Strategy,CRM Tools,4,3
31,Travel_Rarely,Research & Development,3,Medical,1916,1,Female,4,1,Laboratory Technician,3,3978,8,No,3,2,80,4,0,2,2,2,1,2,Laboratory Operations,Quality Control,3,2
26,Travel_Frequently,Research & Development,3,Other,1918,3,Male,4,1,Laboratory Technician,4,2544,0,No,3,1,80,8,3,3,7,7,1,3,Laboratory Operations,Quality Control,5,4
45,Travel_Frequently,Research & Development,4,Medical,1922,2,Male,3,2,Healthcare Representative,3,5399,4,No,3,3,80,12,3,3,4,2,1,3,Medical Sales,Product Knowledge,5,4
33,Travel_Rarely,Sales,4,Marketing,1924,2,Male,3,2,Sales Executive,3,5487,1,No,3,2,80,10,2,2,10,4,1,3,Sales Strategy,CRM Tools,5,4
28,Travel_Frequently,Sales,2,Life Sciences,1927,3,Male,2,2,Sales Executive,4,6834,1,Yes,3,3,80,7,2,3,7,7,1,2,Sales Strategy,CRM Tools,5,4
29,Travel_Frequently,Sales,3,Technical Degree,1928,3,Male,4,1,Sales Representative,1,1091,1,No,3,4,80,1,3,3,1,0,0,1,Client Acquisition,Negotiation,2,1
39,Non-Travel,Sales,4,Life Sciences,1929,1,Female,1,2,Sales Executive,3,5736,6,No,3,3,80,10,1,3,3,2,1,3,Sales Strategy,CRM Tools,5,4
27,Travel_Rarely,Research & Development,4,Technical Degree,1931,2,Male,3,1,Research Scientist,2,2226,1,No,3,3,80,6,3,2,5,3,1,3,Data Analysis,Python,4,3
34,Travel_Frequently,Research & Development,4,Other,1932,3,Male,2,2,Research Scientist,4,5747,1,Yes,3,2,80,16,3,3,15,10,1,4,Data Analysis,Python,6,5
28,Travel_Rarely,Sales,2,Marketing,1933,4,Female,3,2,Sales Executive,3,9854,3,Yes,3,4,80,6,0,3,2,0,1,1,Sales Strategy,CRM Tools,4,3
47,Non-Travel,Research & Development,4,Technical Degree,1934,3,Male,3,2,Research Scientist,2,5467,8,No,3,3,80,16,4,4,8,7,1,4,Data Analysis,Python,6,5
56,Travel_Rarely,Sales,5,Marketing,1935,4,Female,2,2,Sales Executive,1,5380,4,No,3,3,80,6,3,3,0,0,1,2,Sales Strategy,CRM Tools,4,3
39,Travel_Rarely,Research & Development,2,Medical,1936,1,Male,3,2,Manufacturing Director,1,5151,1,No,4,4,80,10,3,3,10,0,1,3,Operations Management,Process Optimization,6,5
38,Travel_Frequently,Research & Development,3,Medical,1937,4,Female,2,2,Research Scientist,2,2133,1,Yes,3,3,80,20,3,3,20,11,1,4,Data Analysis,Python,6,5
58,Travel_Rarely,Sales,3,Life Sciences,1938,4,Female,3,4,Manager,4,17875,4,Yes,3,3,80,29,2,2,1,0,2,1,People Management,Project Planning,6,5
32,Travel_Frequently,Research & Development,2,Life Sciences,1939,1,Female,4,1,Research Scientist,3,2432,3,Yes,3,1,80,8,2,3,4,1,1,2,Data Analysis,Python,4,3
38,Travel_Rarely,Research & Development,2,Life Sciences,1940,2,Male,3,1,Research Scientist,4,4771,2,No,3,4,80,10,0,4,5,2,2,3,Data Analysis,Python,6,5
49,Travel_Frequently,Research & Development,1,Life Sciences,1941,2,Male,3,5,Research Director,4,19161,3,No,3,4,80,28,3,3,5,4,2,1,Research Leadership,Strategic Planning,6,5
42,Travel_Rarely,Sales,4,Marketing,1943,2,Male,3,2,Sales Executive,4,5087,3,Yes,3,3,80,14,4,3,0,0,1,2,Sales Strategy,CRM Tools,5,4
27,Travel_Frequently,Human Resources,3,Human Resources,1944,1,Female,2,1,Human Resources,2,2863,1,No,3,1,80,1,2,3,1,0,0,1,Talent Management,Employee Engagement,2,1
35,Travel_Rarely,Sales,4,Medical,1945,2,Male,3,2,Sales Executive,1,5561,0,No,3,4,80,6,2,1,5,3,1,2,Sales Strategy,CRM Tools,4,3
28,Non-Travel,Research & Development,3,Medical,1947,3,Male,3,1,Research Scientist,3,2144,1,No,3,3,80,5,3,2,5,3,1,3,Data Analysis,Python,4,3
31,Non-Travel,Research & Development,2,Medical,1948,3,Male,3,1,Research Scientist,1,3065,1,Yes,3,4,80,4,3,4,4,2,1,2,Data Analysis,Python,3,2
36,Non-Travel,Research & Development,4,Life Sciences,1949,1,Male,4,1,Laboratory Technician,2,2810,1,No,4,2,80,5,3,3,5,4,1,3,Laboratory Operations,Quality Control,5,4
34,Travel_Rarely,Sales,3,Marketing,1950,1,Male,3,3,Sales Executive,4,9888,1,No,4,1,80,14,3,2,14,8,2,4,Sales Strategy,CRM Tools,8,7
34,Travel_Rarely,Sales,4,Medical,1951,4,Male,3,3,Sales Executive,3,8628,1,No,3,3,80,9,2,2,8,7,1,4,Sales Strategy,CRM Tools,5,4
26,Travel_Rarely,Research & Development,3,Medical,1952,3,Male,3,1,Laboratory Technician,1,2867,0,No,3,4,80,8,6,2,7,7,1,3,Laboratory Operations,Quality Control,5,4
29,Travel_Rarely,Research & Development,3,Life Sciences,1954,1,Male,3,2,Healthcare Representative,1,5373,0,No,3,1,80,6,5,2,5,3,1,2,Medical Sales,Product Knowledge,4,3
32,Non-Travel,Research & Development,4,Medical,1955,3,Female,3,2,Healthcare Representative,4,6667,5,No,3,2,80,9,6,3,5,1,1,3,Medical Sales,Product Knowledge,4,3
31,Travel_Frequently,Research & Development,3,Life Sciences,1956,4,Male,1,2,Research Scientist,1,5003,1,No,4,2,80,10,6,3,10,8,1,4,Data Analysis,Python,7,6
28,Travel_Rarely,Research & Development,3,Technical Degree,1960,3,Male,2,1,Laboratory Technician,4,2367,5,No,3,1,80,6,2,2,4,1,1,2,Laboratory Operations,Quality Control,4,3
38,Travel_Rarely,Sales,3,Life Sciences,1961,1,Male,2,1,Sales Representative,1,2858,4,No,3,1,80,20,3,2,1,0,2,2,Client Acquisition,Negotiation,6,5
35,Travel_Rarely,Sales,4,Life Sciences,1962,3,Female,3,2,Sales Executive,4,5204,1,Yes,3,4,80,10,2,3,10,8,1,3,Sales Strategy,CRM Tools,6,5
27,Travel_Rarely,Sales,3,Marketing,1965,4,Male,3,2,Sales Executive,4,4105,1,No,3,1,80,7,5,3,7,7,1,3,Sales Strategy,CRM Tools,5,4
32,Travel_Rarely,Research & Development,4,Life Sciences,1966,4,Male,2,2,Manufacturing Director,4,9679,8,No,4,2,80,8,1,3,1,0,1,2,Operations Management,Process Optimization,5,4
31,Travel_Frequently,Sales,4,Marketing,1967,1,Male,3,2,Sales Executive,4,5617,1,Yes,3,3,80,10,4,3,10,7,1,3,Sales Strategy,CRM Tools,6,5
53,Travel_Rarely,Sales,4,Life Sciences,1968,1,Male,3,3,Sales Executive,1,10448,6,Yes,3,2,80,15,2,2,2,2,2,1,Sales Strategy,CRM Tools,6,5
54,Travel_Rarely,Research & Development,2,Life Sciences,1969,1,Female,3,2,Research Scientist,3,2897,3,No,3,3,80,9,6,2,4,3,1,4,Data Analysis,Python,4,3
33,Travel_Frequently,Research & Development,2,Life Sciences,1970,4,Male,3,2,Healthcare Representative,3,5968,1,No,4,3,80,9,2,3,9,7,1,4,Medical Sales,Product Knowledge,6,5
43,Travel_Rarely,Research & Development,3,Life Sciences,1971,1,Male,3,3,Healthcare Representative,3,7510,1,No,3,2,80,10,1,3,10,9,2,3,Medical Sales,Product Knowledge,7,6
38,Travel_Frequently,Human Resources,4,Other,1972,4,Male,3,1,Human Resources,2,2991,0,Yes,3,2,80,7,2,3,6,2,1,1,Talent Management,Employee Engagement,4,3
55,Travel_Rarely,Human Resources,4,Human Resources,1973,3,Male,4,5,Manager,2,19636,4,Yes,3,1,80,35,0,3,10,9,2,1,People Management,Project Planning,7,6
31,Travel_Rarely,Research & Development,1,Medical,1974,4,Female,1,1,Laboratory Technician,4,1129,1,Yes,3,3,80,1,4,3,1,0,0,1,Laboratory Operations,Quality Control,2,1
39,Travel_Rarely,Sales,4,Marketing,1975,2,Male,3,4,Sales Executive,1,13341,0,No,3,1,80,21,3,3,20,8,2,2,Sales Strategy,CRM Tools,7,6
42,Non-Travel,Research & Development,2,Life Sciences,1976,4,Male,2,2,Research Scientist,3,4332,1,No,3,4,80,20,2,3,20,9,1,4,Data Analysis,Python,6,5
31,Non-Travel,Research & Development,3,Medical,1979,3,Female,3,3,Research Director,3,11031,4,No,4,3,80,13,2,4,11,7,2,4,Research Leadership,Strategic Planning,8,7
54,Travel_Rarely,Research & Development,3,Medical,1980,3,Female,3,2,Manufacturing Director,1,4440,6,Yes,3,4,80,9,3,3,5,2,1,1,Operations Management,Process Optimization,4,3
24,Travel_Rarely,Research & Development,2,Life Sciences,1981,2,Male,2,2,Healthcare Representative,3,4617,1,No,3,2,80,4,2,2,4,3,1,2,Medical Sales,Product Knowledge,3,2
23,Travel_Rarely,Research & Development,2,Other,1982,4,Male,3,1,Laboratory Technician,4,2647,1,No,3,3,80,5,6,4,5,2,1,2,Laboratory Operations,Quality Control,4,3
40,Travel_Frequently,Research & Development,3,Technical Degree,1985,4,Female,3,2,Laboratory Technician,3,6323,1,No,3,1,80,10,2,4,10,9,1,4,Laboratory Operations,Quality Control,6,5
40,Travel_Rarely,Sales,2,Marketing,1986,2,Female,3,2,Sales Executive,2,5677,3,No,3,3,80,15,4,3,11,8,1,4,Sales Strategy,CRM Tools,6,5
25,Travel_Rarely,Human Resources,3,Human Resources,1987,3,Female,3,1,Human Resources,2,2187,4,No,3,3,80,6,3,3,2,0,1,2,Talent Management,Employee Engagement,4,3
30,Travel_Rarely,Research & Development,2,Medical,1989,4,Male,3,1,Laboratory Technician,2,3748,1,No,3,3,80,12,6,2,12,8,2,3,Laboratory Operations,Quality Control,7,6
25,Travel_Rarely,Research & Development,1,Other,1992,4,Male,3,1,Laboratory Technician,3,3977,6,Yes,3,3,80,7,2,2,2,2,1,1,Laboratory Operations,Quality Control,4,3
47,Travel_Rarely,Research & Development,3,Medical,1993,1,Male,3,3,Healthcare Representative,3,8633,2,No,4,2,80,25,3,3,17,14,2,4,Medical Sales,Product Knowledge,8,7
33,Non-Travel,Research & Development,2,Medical,1994,2,Male,2,1,Laboratory Technician,3,2008,1,No,3,3,80,1,2,2,1,1,0,1,Laboratory Operations,Quality Control,2,1
38,Travel_Rarely,Sales,4,Life Sciences,1995,4,Male,3,2,Sales Executive,2,4440,0,No,3,1,80,16,3,3,15,13,1,4,Sales Strategy,CRM Tools,6,5
31,Travel_Rarely,Sales,2,Life Sciences,1996,1,Male,3,1,Sales Representative,3,3067,0,No,3,3,80,3,1,3,2,2,0,1,Client Acquisition,Negotiation,2,1
38,Travel_Frequently,Research & Development,4,Life Sciences,1997,1,Male,2,2,Manufacturing Director,3,5321,2,No,3,4,80,10,1,3,8,3,1,2,Operations Management,Process Optimization,5,4
42,Travel_Rarely,Research & Development,4,Life Sciences,1998,4,Male,3,2,Research Scientist,1,5410,6,Yes,3,3,80,9,3,2,4,3,1,3,Data Analysis,Python,4,3
41,Travel_Rarely,Research & Development,3,Life Sciences,1999,4,Male,3,1,Research Scientist,4,2782,3,No,4,1,80,12,3,3,5,3,2,4,Data Analysis,Python,7,6
47,Non-Travel,Research & Development,1,Medical,2000,3,Female,3,3,Research Director,2,11957,0,No,3,1,80,14,3,1,13,8,2,3,Research Leadership,Strategic Planning,7,6
35,Travel_Rarely,Research & Development,4,Medical,2003,4,Male,3,1,Laboratory Technician,3,2660,7,Yes,3,3,80,5,3,3,2,2,1,1,Laboratory Operations,Quality Control,4,3
22,Travel_Rarely,Research & Development,2,Life Sciences,2007,4,Male,3,1,Research Scientist,3,3375,0,No,3,4,80,4,2,4,3,2,1,3,Data Analysis,Python,3,2
35,Travel_Rarely,Research & Development,4,Medical,2008,2,Male,3,2,Research Scientist,3,5098,1,No,3,2,80,10,5,3,10,7,1,4,Data Analysis,Python,6,5
33,Travel_Rarely,Research & Development,2,Medical,2009,2,Female,3,2,Healthcare Representative,4,4878,0,Yes,3,1,80,10,6,3,9,7,1,3,Medical Sales,Product Knowledge,6,5
32,Travel_Rarely,Research & Development,4,Life Sciences,2010,3,Female,2,1,Laboratory Technician,2,2837,1,No,3,3,80,6,3,3,6,2,1,2,Laboratory Operations,Quality Control,4,3
40,Travel_Rarely,Research & Development,4,Life Sciences,2012,1,Male,3,1,Laboratory Technician,4,2406,8,No,3,3,80,8,3,2,1,0,1,2,Laboratory Operations,Quality Control,4,3
32,Travel_Rarely,Sales,4,Medical,2013,2,Male,2,1,Sales Representative,2,2269,0,No,3,2,80,3,2,3,2,2,0,1,Client Acquisition,Negotiation,2,1
39,Travel_Rarely,Research & Development,1,Life Sciences,2014,1,Male,3,2,Research Scientist,4,4108,7,No,3,1,80,18,2,3,7,7,1,4,Data Analysis,Python,6,5
38,Travel_Rarely,Research & Development,3,Medical,2015,2,Female,1,3,Research Director,3,13206,3,No,3,1,80,20,3,3,18,16,2,3,Research Leadership,Strategic Planning,7,6
32,Travel_Rarely,Sales,4,Marketing,2016,3,Female,3,3,Sales Executive,4,10422,1,No,3,3,80,14,3,3,14,10,2,3,Sales Strategy,CRM Tools,7,6
37,Travel_Rarely,Research & Development,3,Life Sciences,2017,3,Female,4,3,Research Director,4,13744,1,Yes,4,1,80,16,2,3,16,11,2,3,Research Leadership,Strategic Planning,8,7
25,Travel_Rarely,Sales,2,Other,2018,1,Female,3,2,Sales Executive,3,4907,0,Yes,4,2,80,6,3,2,5,3,1,2,Sales Strategy,CRM Tools,5,4
52,Non-Travel,Sales,4,Life Sciences,2019,1,Male,3,1,Sales Representative,4,3482,2,No,3,2,80,16,3,2,9,8,2,3,Client Acquisition,Negotiation,7,6
44,Travel_Rarely,Research & Development,3,Medical,2020,2,Male,3,1,Research Scientist,4,2436,6,Yes,3,3,80,6,2,3,4,3,1,2,Data Analysis,Python,4,3
21,Travel_Rarely,Sales,1,Medical,2021,3,Male,3,1,Sales Representative,1,2380,1,Yes,3,4,80,2,6,3,2,2,0,1,Client Acquisition,Negotiation,2,1
39,Non-Travel,Research & Development,3,Life Sciences,2022,4,Male,3,5,Manager,4,19431,2,No,3,3,80,21,3,2,6,0,2,1,People Management,Project Planning,6,5
23,Travel_Frequently,Sales,3,Marketing,2023,4,Male,3,1,Sales Representative,1,1790,1,No,3,1,80,1,3,2,1,0,0,1,Client Acquisition,Negotiation,2,1
36,Travel_Rarely,Sales,3,Medical,2024,1,Female,2,3,Sales Executive,4,7644,0,No,3,3,80,10,2,3,9,7,2,3,Sales Strategy,CRM Tools,7,6
36,Travel_Frequently,Research & Development,2,Life Sciences,2025,4,Female,3,2,Manufacturing Director,2,5131,7,No,3,2,80,18,3,3,4,2,1,2,Operations Management,Process Optimization,5,4
56,Non-Travel,Research & Development,4,Life Sciences,2026,3,Male,3,2,Healthcare Representative,3,6306,1,No,4,1,80,13,2,2,13,12,1,4,Medical Sales,Product Knowledge,7,6
29,Travel_Rarely,Research & Development,4,Medical,2027,1,Male,3,1,Research Scientist,4,4787,9,Yes,3,2,80,4,3,4,2,2,1,2,Data Analysis,Python,3,2
42,Travel_Rarely,Research & Development,3,Life Sciences,2031,1,Male,3,5,Manager,3,18880,5,No,3,1,80,24,2,2,22,6,2,1,People Management,Project Planning,7,6
56,Travel_Rarely,Research & Development,2,Technical Degree,2032,4,Male,3,1,Laboratory Technician,3,2339,8,No,3,4,80,14,4,1,10,9,2,3,Laboratory Operations,Quality Control,7,6
41,Travel_Rarely,Research & Development,4,Life Sciences,2034,1,Female,2,4,Manufacturing Director,2,13570,0,No,4,3,80,21,3,3,20,7,2,2,Operations Management,Process Optimization,8,7
34,Travel_Rarely,Sales,3,Marketing,2035,4,Female,2,2,Sales Executive,3,6712,1,No,4,4,80,8,2,3,8,7,1,4,Sales Strategy,CRM Tools,6,5
36,Non-Travel,Sales,4,Marketing,2036,4,Male,1,2,Sales Executive,4,5406,1,No,4,1,80,15,4,2,15,12,1,4,Sales Strategy,CRM Tools,7,6
41,Travel_Rarely,Sales,3,Life Sciences,2037,3,Male,2,2,Sales Executive,2,8938,2,No,3,3,80,14,5,3,5,4,1,3,Sales Strategy,CRM Tools,5,4
32,Travel_Rarely,Research & Development,3,Technical Degree,2038,4,Male,3,1,Research Scientist,1,2439,1,No,3,4,80,4,4,3,4,2,1,3,Data Analysis,Python,3,2
35,Travel_Rarely,Human Resources,4,Life Sciences,2040,3,Female,3,3,Human Resources,4,8837,1,Yes,3,3,80,9,2,3,9,0,1,2,Talent Management,Employee Engagement,4,3
38,Travel_Rarely,Sales,2,Life Sciences,2041,1,Female,3,2,Sales Executive,4,5343,1,No,3,3,80,10,1,3,10,7,1,4,Sales Strategy,CRM Tools,6,5
50,Travel_Frequently,Sales,4,Life Sciences,2044,2,Male,3,2,Sales Executive,3,6728,7,No,3,4,80,12,3,3,6,3,1,3,Sales Strategy,CRM Tools,5,4
36,Travel_Rarely,Sales,4,Marketing,2045,2,Female,2,2,Sales Executive,4,6652,4,No,3,1,80,8,2,2,6,3,1,2,Sales Strategy,CRM Tools,4,3
45,Travel_Rarely,Sales,3,Life Sciences,2046,4,Female,3,2,Sales Executive,3,4850,8,No,3,3,80,8,3,3,5,3,1,2,Sales Strategy,CRM Tools,4,3
40,Travel_Rarely,Research & Development,4,Life Sciences,2048,3,Male,2,1,Research Scientist,3,2809,2,No,3,4,80,8,2,3,2,2,1,3,Data Analysis,Python,4,3
35,Travel_Frequently,Research & Development,4,Life Sciences,2049,3,Male,3,2,Healthcare Representative,3,5689,1,Yes,3,4,80,10,2,4,10,2,1,2,Medical Sales,Product Knowledge,5,4
40,Travel_Rarely,Research & Development,4,Medical,2051,3,Female,3,1,Research Scientist,3,2001,2,No,3,2,80,20,2,3,5,3,2,3,Data Analysis,Python,6,5
35,Travel_Rarely,Research & Development,4,Life Sciences,2052,3,Female,1,1,Research Scientist,4,2977,1,No,3,4,80,4,5,3,4,3,1,3,Data Analysis,Python,3,2
29,Travel_Rarely,Research & Development,2,Other,2053,4,Male,2,2,Laboratory Technician,2,4025,4,Yes,3,1,80,10,2,3,4,3,1,2,Laboratory Operations,Quality Control,5,4
29,Travel_Rarely,Research & Development,4,Medical,2054,4,Female,2,1,Research Scientist,1,3785,1,No,3,2,80,5,3,1,5,4,1,3,Data Analysis,Python,4,3
50,Travel_Rarely,Sales,3,Marketing,2055,4,Male,2,3,Sales Executive,1,10854,4,Yes,3,2,80,20,3,3,3,2,2,1,Sales Strategy,CRM Tools,6,5
39,Travel_Rarely,Sales,1,Marketing,2056,2,Female,2,4,Sales Executive,4,12031,0,No,3,1,80,21,2,2,20,9,2,2,Sales Strategy,CRM Tools,7,6
31,Non-Travel,Research & Development,3,Medical,2057,2,Male,3,2,Manufacturing Director,1,9936,0,No,3,2,80,10,2,3,9,4,1,2,Operations Management,Process Optimization,5,4
26,Travel_Rarely,Sales,3,Other,2060,4,Female,2,1,Sales Representative,3,2966,0,No,3,4,80,5,2,3,4,2,1,2,Client Acquisition,Negotiation,4,3
36,Travel_Frequently,Research & Development,2,Medical,2061,3,Male,4,2,Laboratory Technician,4,2571,4,No,3,3,80,17,3,3,5,2,1,3,Laboratory Operations,Quality Control,5,4
39,Travel_Rarely,Research & Development,1,Medical,2062,4,Male,2,3,Healthcare Representative,1,9991,4,No,3,1,80,9,5,3,7,7,1,4,Medical Sales,Product Knowledge,5,4
27,Travel_Rarely,Research & Development,3,Life Sciences,2064,2,Male,4,2,Manufacturing Director,2,6142,1,Yes,4,2,80,6,0,3,6,2,1,1,Operations Management,Process Optimization,5,4
49,Travel_Frequently,Sales,3,Medical,2065,4,Male,2,2,Sales Executive,2,5390,2,No,3,4,80,17,3,2,9,6,1,4,Sales Strategy,CRM Tools,6,5
34,Travel_Rarely,Research & Development,3,Medical,2068,2,Male,4,2,Laboratory Technician,3,4404,2,No,3,1,80,6,3,4,4,3,1,2,Laboratory Operations,Quality Control,4,3
